clicks_final;impressions_final;cost_final;leads_final;conversions_final;sale_amount_final;conversion_rate_final;Keyword;year;month_num;day;quarter;day_num;week_num;is_weekend;profit;CTR;is_mobile;is_tablet;is_desktop
104;4498;231.88;14;7;1892;0.0673076923;learn data analytics  ;2024;11;16;4;7;46;1;1660.12;0.0231213873;0;0;1
173;5107;216.84;10;8;1679;0.0462427746;data analytics course ;2024;11;20;4;4;47;0;1462.16;0.0338750734;1;0;0
90;4544;203.66;26;9;1624;0.1;data analitics online ;2024;11;16;4;7;46;1;1420.34;0.019806338;0;0;1
142;3185;237.66;17;6;1225;0.0422535211;data anaytics training;2024;11;26;4;3;48;0;987.34;0.0445839874;0;1;0
156;3361;195.9;30;8;1091;0.0512820513;online data analytic  ;2024;11;22;4;6;47;0;895.1;0.0464147575;0;0;1
195;3776;243.57;10;8;1315;0.041025641;data anaytics training;2024;11;16;4;7;46;1;1071.43;0.0516419492;1;0;0
116;4480;237.79;17;5;1640;0.0431034483;data analytics course ;2024;11;6;4;4;45;0;1402.21;0.0258928571;0;1;0
184;5060;229.61;23;3;1509;0.0163043478;analytics for data    ;2024;11;24;4;1;48;1;1279.39;0.0363636364;0;1;0
113;5434;214;27;4;1362;0.0353982301;data anaytics training;2024;11;24;4;1;48;1;1148.0;0.0207949945;0;1;0
166;3355;186.78;24;9;1029;0.0542168675;online data analytic  ;2024;11;12;4;3;46;0;842.22;0.0494783905;1;0;0
101;5399;236.79;20;6;1900;0.0594059406;learn data analytics  ;2024;11;14;4;5;46;0;1663.21;0.018707168;0;0;1
101;3613;208.12;24;5;1130;0.0495049505;online data analytic  ;2024;11;22;4;6;47;0;921.88;0.0279546084;0;0;1
125;3259;191.3;18;3;1959;0.024;data analitics online ;2024;11;27;4;4;48;0;1767.7;0.0383553237;0;0;1
196;3742;207.46;10;7;1623;0.0357142857;data anaytics training;2024;11;12;4;3;46;0;1415.54;0.0523784073;1;0;0
181;4311;185.09;11;9;1538;0.0497237569;data anaytics training;2024;11;4;4;2;45;0;1352.91;0.0419856182;0;0;1
102;5461;201.69;22;8;1755;0.0784313725;data analytics course ;2024;11;29;4;6;48;0;1553.31;0.0186778978;0;0;1
193;5159;217.98;15;9;1614;0.0466321244;learn data analytics  ;2024;11;10;4;1;46;1;1396.02;0.0374103508;1;0;0
149;4431;207.4;19;9;1693;0.0604026846;learn data analytics  ;2024;11;12;4;3;46;0;1485.6;0.0336267208;1;0;0
150;3113;217.41;20;5;1785;0.0333333333;analytics for data    ;2024;11;7;4;5;45;0;1567.59;0.0481850305;1;0;0
145;5278;214.29;25;6;1516;0.0413793103;data analytics course ;2024;11;5;4;3;45;0;1301.71;0.0274725275;0;0;1
184;4143;223.3;10;10;1735;0.0543478261;learn data analytics  ;2024;11;21;4;5;47;0;1511.7;0.0444122616;0;1;0
171;4154;184.23;30;7;1803;0.0409356725;data analitics online ;2024;11;8;4;6;45;0;1618.77;0.041165142;0;1;0
122;5187;211.24;27;6;1322;0.0491803279;online data analytic  ;2024;11;20;4;4;47;0;1110.76;0.0235203393;0;0;1
188;5798;230.17;28;5;1452;0.0265957447;data analytics course ;2024;11;30;4;7;48;1;1221.83;0.0324249741;0;1;0
87;3718;214;12;3;1652;0.0344827586;learn data analytics  ;2024;11;20;4;4;47;0;1438.0;0.0233996772;0;1;0
88;3349;181.92;22;8;1456;0.0909090909;learn data analytics  ;2024;11;20;4;4;47;0;1274.08;0.0262765004;0;1;0
119;5323;205.92;17;10;1656;0.0840336134;online data analytic  ;2024;11;2;4;7;44;1;1450.08;0.0223558144;0;0;1
136;5286;234.89;22;10;1688;0.0735294118;data anaytics training;2024;11;21;4;5;47;0;1453.11;0.025728339;0;0;1
128;5469;188.49;16;3;1783;0.0234375;learn data analytics  ;2024;11;23;4;7;47;1;1594.51;0.0234046444;1;0;0
86;3351;237.75;21;9;1975;0.1046511628;analytics for data    ;2024;11;13;4;4;46;0;1737.25;0.0256639809;1;0;0
188;4834;213.58;15;4;1590;0.0212765957;online data analytic  ;2024;11;8;4;6;45;0;1376.42;0.0388911874;0;1;0
113;5065;212.37;11;5;1111;0.0442477876;online data analytic  ;2024;11;22;4;6;47;0;898.63;0.0223099704;0;0;1
139;3872;244.38;20;4;1041;0.0287769784;data analitics online ;2024;11;12;4;3;46;0;796.62;0.0358987603;0;1;0
176;5509;234.59;19;7;1710;0.0397727273;data analytics course ;2024;11;3;4;1;45;1;1475.41;0.0319477219;0;1;0
121;5610;214.96;23;8;1504;0.0661157025;data analytics course ;2024;11;25;4;2;48;0;1289.04;0.0215686275;1;0;0
104;5275;236.48;16;9;1824;0.0865384615;data anaytics training;2024;11;1;4;6;44;0;1587.52;0.0197156398;0;0;1
146;5939;242.9;11;8;1833;0.0547945205;data anaytics training;2024;11;7;4;5;45;0;1590.1;0.0245832632;0;0;1
123;5131;217.98;19;5;1307;0.0406504065;learn data analytics  ;2024;11;9;4;7;45;1;1089.02;0.0239719353;1;0;0
90;5786;197.55;11;6;1704;0.0666666667;online data analytic  ;2024;11;16;4;7;46;1;1506.45;0.0155547874;1;0;0
171;4304;192.61;17;10;1427;0.0584795322;learn data analytics  ;2024;11;26;4;3;48;0;1234.39;0.0397304833;1;0;0
94;5549;231.23;25;9;1849;0.0957446809;data anaytics training;2024;11;12;4;3;46;0;1617.77;0.0169399892;1;0;0
112;4271;196.07;27;6;1209;0.0535714286;data analitics online ;2024;11;14;4;5;46;0;1012.93;0.0262233669;0;0;1
113;4418;191.55;27;10;1634;0.0884955752;data analytics course ;2024;11;9;4;7;45;1;1442.45;0.0255771842;1;0;0
145;3721;180.95;21;7;1960;0.0482758621;data analitics online ;2024;11;29;4;6;48;0;1779.05;0.0389680193;0;0;1
197;5783;204.46;23;6;1729;0.0304568528;data anaytics training;2024;11;1;4;6;44;0;1524.54;0.034065364;0;1;0
109;4866;236.78;27;5;1585;0.0458715596;online data analytic  ;2024;11;15;4;6;46;0;1348.22;0.0224003288;1;0;0
188;5857;222.98;20;4;1303;0.0212765957;data anaytics training;2024;11;11;4;2;46;0;1080.02;0.0320983439;0;0;1
142;5103;234.1;24;3;1835;0.0211267606;analytics for data    ;2024;11;8;4;6;45;0;1600.9;0.0278267686;1;0;0
168;4653;240.84;27;9;1367;0.0535714286;online data analytic  ;2024;11;24;4;1;48;1;1126.16;0.0361057382;1;0;0
110;3524;248.86;19;10;1524;0.0909090909;learn data analytics  ;2024;11;21;4;5;47;0;1275.14;0.0312145289;1;0;0
192;5938;182.84;26;5;1080;0.0260416667;analytics for data    ;2024;11;12;4;3;46;0;897.16;0.0323341192;1;0;0
101;3942;206.62;16;5;1746;0.0495049505;analytics for data    ;2024;11;24;4;1;48;1;1539.38;0.0256215119;0;1;0
157;3315;189.56;15;10;1026;0.0636942675;online data analytic  ;2024;11;25;4;2;48;0;836.44;0.0473604827;1;0;0
113;4945;187.66;15;10;1564;0.0884955752;learn data analytics  ;2024;11;26;4;3;48;0;1376.34;0.022851365;0;1;0
96;3166;196.15;29;7;1902;0.0729166667;learn data analytics  ;2024;11;26;4;3;48;0;1705.85;0.0303221731;0;0;1
125;4223;183.68;15;6;1267;0.048;data analitics online ;2024;11;5;4;3;45;0;1083.32;0.0295998106;0;0;1
104;4798;210.1;18;3;1340;0.0288461538;analytics for data    ;2024;11;21;4;5;47;0;1129.9;0.0216756982;0;0;1
194;5655;208.58;13;6;1692;0.0309278351;data anaytics training;2024;11;16;4;7;46;1;1483.42;0.034305924;1;0;0
144;5140;219.48;19;8;1054;0.0555555556;data analitics online ;2024;11;18;4;2;47;0;834.52;0.0280155642;0;0;1
179;3025;238.81;17;3;1504;0.0167597765;data analitics online ;2024;11;11;4;2;46;0;1265.19;0.0591735537;1;0;0
166;5223;189.76;18;7;1219;0.0421686747;data analytics course ;2024;11;16;4;7;46;1;1029.24;0.0317825005;0;1;0
166;5089;214;26;7;1946;0.0421686747;analytics for data    ;2024;11;11;4;2;46;0;1732.0;0.0326193751;0;1;0
118;5016;204.31;19;9;1833;0.0762711864;analytics for data    ;2024;11;8;4;6;45;0;1628.69;0.0235247209;0;0;1
185;3617;222.32;24;7;1963;0.0378378378;data analytics course ;2024;11;23;4;7;47;1;1740.68;0.0511473597;1;0;0
116;3764;232.03;28;10;1348;0.0862068966;data analytics course ;2024;11;20;4;4;47;0;1115.97;0.0308182784;0;1;0
99;4489;183.73;15;6;1264;0.0606060606;online data analytic  ;2024;11;5;4;3;45;0;1080.27;0.0220539096;0;0;1
172;4441;221.18;14;8;1771;0.0465116279;analytics for data    ;2024;11;27;4;4;48;0;1549.82;0.0387300158;1;0;0
138;5751;199.11;26;9;1337;0.0652173913;data analitics online ;2024;11;10;4;1;46;1;1137.89;0.0239958268;0;0;1
84;4036;234.22;23;10;1287;0.119047619;learn data analytics  ;2024;11;4;4;2;45;0;1052.78;0.0208126858;0;0;1
124;4942;240.59;18;3;1922;0.0241935484;learn data analytics  ;2024;11;16;4;7;46;1;1681.41;0.0250910563;0;0;1
122;4989;215.48;12;5;1975;0.0409836066;data analitics online ;2024;11;6;4;4;45;0;1759.52;0.0244537984;1;0;0
180;3006;228.14;22;7;1556;0.0388888889;learn data analytics  ;2024;11;4;4;2;45;0;1327.86;0.0598802395;0;1;0
133;3728;199.13;11;10;1507;0.0751879699;data analitics online ;2024;11;9;4;7;45;1;1307.87;0.0356759657;0;0;1
164;3734;225.39;27;8;1728;0.0487804878;learn data analytics  ;2024;11;12;4;3;46;0;1502.61;0.0439207284;0;1;0
150;4621;246.3;15;6;1554;0.04;data analitics online ;2024;11;9;4;7;45;1;1307.7;0.0324605064;0;0;1
97;3212;212.55;27;10;1994;0.1030927835;analytics for data    ;2024;11;23;4;7;47;1;1781.45;0.0301992528;0;0;1
128;4225;228.24;30;4;1618;0.03125;learn data analytics  ;2024;11;8;4;6;45;0;1389.76;0.030295858;1;0;0
99;4779;233.78;26;10;1086;0.101010101;online data analytic  ;2024;11;5;4;3;45;0;852.22;0.0207156309;0;0;1
86;5352;234.05;11;5;1364;0.0581395349;online data analytic  ;2024;11;9;4;7;45;1;1129.95;0.0160687593;0;1;0
118;5405;187.28;25;7;1836;0.0593220339;analytics for data    ;2024;11;5;4;3;45;0;1648.72;0.0218316374;0;1;0
127;5430;199.13;14;6;1932;0.0472440945;analytics for data    ;2024;11;25;4;2;48;0;1732.87;0.023388582;1;0;0
83;4808;241.35;20;7;1038;0.0843373494;learn data analytics  ;2024;11;30;4;7;48;1;796.65;0.0172628952;1;0;0
149;3587;217.53;23;8;1504;0.0536912752;data analitics online ;2024;11;17;4;1;47;1;1286.47;0.0415388904;1;0;0
168;4683;215.28;30;8;1327;0.0476190476;data analitics online ;2024;11;28;4;5;48;0;1111.72;0.0358744395;1;0;0
112;5814;227.38;11;8;1467;0.0714285714;analytics for data    ;2024;11;3;4;1;45;1;1239.62;0.0192638459;0;1;0
123;3292;233.2;28;6;1174;0.0487804878;data anaytics training;2024;11;19;4;3;47;0;940.8;0.037363305;0;0;1
174;4305;206.02;20;3;1057;0.0172413793;learn data analytics  ;2024;11;23;4;7;47;1;850.98;0.0404181185;0;0;1
143;4368;214;27;7;1199;0.048951049;analytics for data    ;2024;11;3;4;1;45;1;985.0;0.0327380952;0;1;0
195;5935;209.68;23;9;1966;0.0461538462;online data analytic  ;2024;11;7;4;5;45;0;1756.32;0.0328559393;0;1;0
176;5847;241.04;13;6;1194;0.0340909091;online data analytic  ;2024;11;2;4;7;44;1;952.96;0.0301009064;0;0;1
141;4851;227.39;28;5;1821;0.0354609929;analytics for data    ;2024;11;15;4;6;46;0;1593.61;0.0290661719;0;0;1
108;4710;204.16;19;10;1731;0.0925925926;data analitics online ;2024;11;20;4;4;47;0;1526.84;0.0229299363;0;1;0
112;3345;214;11;6;1859;0.0535714286;analytics for data    ;2024;11;23;4;7;47;1;1645.0;0.0334828102;0;1;0
139;5903;184.41;23;9;1188;0.0647482014;online data analytic  ;2024;11;20;4;4;47;0;1003.59;0.0235473488;0;1;0
145;5004;216.45;22;5;1496;0.0344827586;data analitics online ;2024;11;1;4;6;44;0;1279.55;0.0289768185;0;1;0
183;3947;197.3;15;8;1645;0.043715847;data anaytics training;2024;11;14;4;5;46;0;1447.7;0.0463643273;0;0;1
113;3690;229.42;20;5;1915;0.0442477876;learn data analytics  ;2024;11;28;4;5;48;0;1685.58;0.0306233062;0;1;0
101;5943;187.32;27;6;1614;0.0594059406;data analitics online ;2024;11;15;4;6;46;0;1426.68;0.0169947838;0;1;0
189;5357;222.5;24;3;1839;0.0158730159;data analytics course ;2024;11;25;4;2;48;0;1616.5;0.0352809408;0;1;0
154;3596;236.14;30;9;1036;0.0584415584;online data analytic  ;2024;11;6;4;4;45;0;799.86;0.0428253615;0;1;0
179;5162;246.76;16;5;1052;0.0279329609;online data analytic  ;2024;11;29;4;6;48;0;805.24;0.034676482;0;0;1
148;3747;244.41;18;8;1092;0.0540540541;learn data analytics  ;2024;11;17;4;1;47;1;847.59;0.0394982653;0;1;0
177;4822;197.03;26;9;1909;0.0508474576;online data analytic  ;2024;11;4;4;2;45;0;1711.97;0.0367067607;1;0;0
119;5800;221.36;11;8;1507;0.0672268908;analytics for data    ;2024;11;29;4;6;48;0;1285.64;0.0205172414;0;0;1
89;3594;214;14;6;1026;0.0674157303;data analytics course ;2024;11;15;4;6;46;0;812.0;0.0247634947;0;1;0
146;4765;230.22;23;5;1944;0.0342465753;analytics for data    ;2024;11;28;4;5;48;0;1713.78;0.0306400839;0;1;0
109;4128;183.65;12;5;1507;0.0458715596;data analitics online ;2024;11;30;4;7;48;1;1323.35;0.0264050388;0;0;1
159;5127;197.16;21;4;1867;0.0251572327;learn data analytics  ;2024;11;3;4;1;45;1;1669.84;0.0310122879;0;1;0
144;5674;235.36;12;3;1505;0.0208333333;analytics for data    ;2024;11;22;4;6;47;0;1269.64;0.0253789214;0;0;1
122;3793;237.22;19;8;1842;0.0655737705;online data analytic  ;2024;11;20;4;4;47;0;1604.78;0.0321645136;0;1;0
112;4315;235.33;28;9;1116;0.0803571429;data analytics course ;2024;11;8;4;6;45;0;880.67;0.0259559676;1;0;0
174;4704;192.32;21;10;1501;0.0574712644;learn data analytics  ;2024;11;24;4;1;48;1;1308.68;0.0369897959;1;0;0
168;3349;235.6;23;9;1894;0.0535714286;online data analytic  ;2024;11;9;4;7;45;1;1658.4;0.0501642281;1;0;0
173;3501;223.9;28;10;1179;0.0578034682;data analytics course ;2024;11;25;4;2;48;0;955.1;0.049414453;1;0;0
91;4538;203.52;20;9;1838;0.0989010989;data analytics course ;2024;11;20;4;4;47;0;1634.48;0.0200528867;0;0;1
140;5405;195.69;21;8;1094;0.0571428571;data anaytics training;2024;11;21;4;5;47;0;898.31;0.0259019426;0;0;1
93;3425;229.76;26;4;1344;0.0430107527;online data analytic  ;2024;11;24;4;1;48;1;1114.24;0.0271532847;1;0;0
114;5263;189.13;23;5;1434;0.0438596491;data analytics course ;2024;11;5;4;3;45;0;1244.87;0.0216606498;1;0;0
172;3889;214;21;10;1766;0.0581395349;online data analytic  ;2024;11;16;4;7;46;1;1552.0;0.0442273078;0;1;0
188;3327;193.76;24;6;1220;0.0319148936;online data analytic  ;2024;11;3;4;1;45;1;1026.24;0.056507364;0;1;0
117;4549;214.18;29;4;1348;0.0341880342;learn data analytics  ;2024;11;23;4;7;47;1;1133.82;0.0257199384;1;0;0
113;5471;215.57;27;9;1123;0.0796460177;analytics for data    ;2024;11;23;4;7;47;1;907.43;0.0206543593;1;0;0
109;3550;240.33;14;8;1982;0.0733944954;learn data analytics  ;2024;11;24;4;1;48;1;1741.67;0.0307042254;0;1;0
174;3178;225.67;18;10;1140;0.0574712644;data analitics online ;2024;11;20;4;4;47;0;914.33;0.054751416;0;0;1
96;4673;192.88;24;5;1962;0.0520833333;learn data analytics  ;2024;11;10;4;1;46;1;1769.12;0.020543548;1;0;0
110;4254;187.87;11;4;1172;0.0363636364;data anaytics training;2024;11;4;4;2;45;0;984.13;0.025858016;1;0;0
163;3658;237.63;23;7;1699;0.0429447853;online data analytic  ;2024;11;23;4;7;47;1;1461.37;0.0445598688;0;1;0
161;5319;235.98;13;4;1423;0.0248447205;learn data analytics  ;2024;11;18;4;2;47;0;1187.02;0.0302688475;1;0;0
195;5278;193.49;30;7;1456;0.0358974359;data analytics course ;2024;11;4;4;2;45;0;1262.51;0.0369458128;1;0;0
84;3755;218.88;14;9;1299;0.1071428571;analytics for data    ;2024;11;5;4;3;45;0;1080.12;0.0223701731;0;1;0
113;4580;194.82;11;6;1248;0.0530973451;data analytics course ;2024;11;28;4;5;48;0;1053.18;0.0246724891;0;1;0
117;3809;225.14;12;5;1495;0.0427350427;data anaytics training;2024;11;9;4;7;45;1;1269.86;0.0307167235;0;0;1
135;5118;219.99;27;6;1089;0.0444444444;online data analytic  ;2024;11;20;4;4;47;0;869.01;0.0263774912;1;0;0
92;5766;186.14;28;7;1013;0.0760869565;data anaytics training;2024;11;27;4;4;48;0;826.86;0.0159556018;0;1;0
188;3934;206.21;16;9;1507;0.0478723404;data analytics course ;2024;11;4;4;2;45;0;1300.79;0.0477885104;0;0;1
101;4724;228.38;13;7;1243;0.0693069307;learn data analytics  ;2024;11;20;4;4;47;0;1014.62;0.0213801863;0;0;1
111;5895;205.25;29;4;1693;0.036036036;data analytics course ;2024;11;4;4;2;45;0;1487.75;0.0188295165;1;0;0
122;4048;202.23;28;10;1504;0.0819672131;online data analytic  ;2024;11;26;4;3;48;0;1301.77;0.0301383399;1;0;0
99;3169;237.68;21;6;1509;0.0606060606;online data analytic  ;2024;11;22;4;6;47;0;1271.32;0.0312401388;1;0;0
154;4535;229.29;11;3;1434;0.0194805195;data anaytics training;2024;11;1;4;6;44;0;1204.71;0.0339581036;0;1;0
129;3849;249.29;22;10;1767;0.0775193798;analytics for data    ;2024;11;11;4;2;46;0;1517.71;0.0335151988;0;0;1
143;4259;182.98;10;10;1048;0.0699300699;analytics for data    ;2024;11;16;4;7;46;1;865.02;0.0335759568;1;0;0
143;3628;214;18;9;1566;0.0629370629;data analytics course ;2024;11;17;4;1;47;1;1352.0;0.039415656;0;1;0
80;3269;214.29;12;4;1753;0.05;data analitics online ;2024;11;23;4;7;47;1;1538.71;0.0244723157;0;0;1
134;3724;188.02;26;9;1891;0.0671641791;online data analytic  ;2024;11;7;4;5;45;0;1702.98;0.0359828142;0;0;1
174;4838;242.35;21;3;1599;0.0172413793;data analitics online ;2024;11;22;4;6;47;0;1356.65;0.0359652749;0;0;1
196;4524;192.01;15;8;1048;0.0408163265;data analytics course ;2024;11;13;4;4;46;0;855.99;0.0433244916;0;0;1
194;4694;228.15;17;7;1874;0.0360824742;learn data analytics  ;2024;11;14;4;5;46;0;1645.85;0.0413293566;0;1;0
180;4326;221.67;13;6;1427;0.0333333333;online data analytic  ;2024;11;6;4;4;45;0;1205.33;0.0416088766;0;1;0
100;4235;222.61;10;8;1814;0.08;data anaytics training;2024;11;1;4;6;44;0;1591.39;0.0236127509;0;0;1
153;4367;184.51;29;9;1507;0.0588235294;analytics for data    ;2024;11;13;4;4;46;0;1322.49;0.0350354935;1;0;0
110;3748;198.68;24;9;1041;0.0818181818;data anaytics training;2024;11;5;4;3;45;0;842.32;0.0293489861;0;1;0
116;3901;214;21;4;1483;0.0344827586;online data analytic  ;2024;11;13;4;4;46;0;1269.0;0.0297359651;0;1;0
156;3335;236.98;29;7;1143;0.0448717949;data analytics course ;2024;11;14;4;5;46;0;906.02;0.0467766117;0;0;1
177;5671;210.74;19;6;1172;0.0338983051;data analytics course ;2024;11;25;4;2;48;0;961.26;0.0312114266;0;1;0
89;3408;214.78;25;9;1898;0.1011235955;data analytics course ;2024;11;15;4;6;46;0;1683.22;0.0261150235;1;0;0
155;4422;183.96;14;8;1143;0.0516129032;analytics for data    ;2024;11;15;4;6;46;0;959.04;0.0350520127;1;0;0
123;3097;190.55;20;8;1640;0.0650406504;data analytics course ;2024;11;22;4;6;47;0;1449.45;0.0397158541;0;1;0
102;3621;244.82;10;5;1375;0.0490196078;learn data analytics  ;2024;11;12;4;3;46;0;1130.18;0.0281690141;1;0;0
150;4806;244.53;15;9;1602;0.06;data analitics online ;2024;11;7;4;5;45;0;1357.47;0.0312109863;1;0;0
160;4538;245.87;11;6;1507;0.0375;analytics for data    ;2024;11;5;4;3;45;0;1261.13;0.0352578228;0;0;1
143;3901;191.38;29;4;1786;0.027972028;learn data analytics  ;2024;11;24;4;1;48;1;1594.62;0.0366572674;1;0;0
178;4673;222.46;29;6;1219;0.0337078652;online data analytic  ;2024;11;4;4;2;45;0;996.54;0.038091162;0;1;0
152;3542;208.96;13;9;1735;0.0592105263;data analytics course ;2024;11;13;4;4;46;0;1526.04;0.0429136081;0;0;1
139;4347;238.19;26;5;1384;0.035971223;analytics for data    ;2024;11;13;4;4;46;0;1145.81;0.0319760755;0;1;0
175;5014;247.24;25;7;1499;0.04;learn data analytics  ;2024;11;15;4;6;46;0;1251.76;0.0349022736;1;0;0
92;4185;218.46;21;9;1567;0.097826087;data analitics online ;2024;11;3;4;1;45;1;1348.54;0.0219832736;1;0;0
123;5964;214.29;17;6;1363;0.0487804878;data anaytics training;2024;11;3;4;1;45;1;1148.71;0.0206237425;0;0;1
86;5124;183.71;13;10;1137;0.1162790698;data anaytics training;2024;11;20;4;4;47;0;953.29;0.0167837627;1;0;0
117;4162;238.08;28;10;1186;0.0854700855;online data analytic  ;2024;11;22;4;6;47;0;947.92;0.0281114849;1;0;0
146;4330;191.9;20;3;1748;0.0205479452;online data analytic  ;2024;11;9;4;7;45;1;1556.1;0.0337182448;1;0;0
89;3268;214.29;17;4;1233;0.0449438202;online data analytic  ;2024;11;13;4;4;46;0;1018.71;0.0272337821;0;0;1
195;3483;213.99;27;7;1796;0.0358974359;learn data analytics  ;2024;11;23;4;7;47;1;1582.01;0.0559862188;0;0;1
170;4519;240.63;22;7;1012;0.0411764706;analytics for data    ;2024;11;27;4;4;48;0;771.37;0.0376189422;1;0;0
97;3605;240.29;21;7;1682;0.0721649485;data analitics online ;2024;11;10;4;1;46;1;1441.71;0.0269070735;0;0;1
159;5076;204.97;15;10;1638;0.0628930818;data analytics course ;2024;11;17;4;1;47;1;1433.03;0.0313238771;0;1;0
131;5352;225.86;24;10;1961;0.0763358779;online data analytic  ;2024;11;20;4;4;47;0;1735.14;0.0244768311;1;0;0
108;5503;185.26;11;7;1921;0.0648148148;data analitics online ;2024;11;6;4;4;45;0;1735.74;0.0196256587;1;0;0
93;4308;209.83;19;9;1694;0.0967741935;data analytics course ;2024;11;20;4;4;47;0;1484.17;0.0215877437;1;0;0
137;3555;213.5;29;3;1507;0.0218978102;data analytics course ;2024;11;6;4;4;45;0;1293.5;0.0385372714;0;0;1
81;5615;193.14;30;6;1255;0.0740740741;analytics for data    ;2024;11;28;4;5;48;0;1061.86;0.0144256456;1;0;0
160;4743;206.22;23;10;1825;0.0625;learn data analytics  ;2024;11;20;4;4;47;0;1618.78;0.0337339237;1;0;0
186;3337;183.58;16;8;1045;0.0430107527;online data analytic  ;2024;11;30;4;7;48;1;861.42;0.0557386874;0;0;1
105;3234;238.8;27;10;1248;0.0952380952;online data analytic  ;2024;11;6;4;4;45;0;1009.2;0.0324675325;0;0;1
131;3913;203.69;14;10;1079;0.0763358779;data anaytics training;2024;11;25;4;2;48;0;875.31;0.0334781498;0;0;1
129;3208;204.2;18;8;1456;0.0620155039;learn data analytics  ;2024;11;29;4;6;48;0;1251.8;0.0402119701;0;0;1
187;5972;220.64;30;7;1980;0.0374331551;data analytics course ;2024;11;14;4;5;46;0;1759.36;0.031312793;0;0;1
167;3662;235.43;10;7;1684;0.0419161677;data anaytics training;2024;11;25;4;2;48;0;1448.57;0.0456034954;1;0;0
140;3359;182.13;29;7;1973;0.05;data analitics online ;2024;11;28;4;5;48;0;1790.87;0.0416790712;0;0;1
198;3700;220.67;14;5;1531;0.0252525253;analytics for data    ;2024;11;10;4;1;46;1;1310.33;0.0535135135;1;0;0
196;3835;218.07;10;9;1871;0.0459183673;online data analytic  ;2024;11;4;4;2;45;0;1652.93;0.0511082138;0;1;0
140;5638;208.02;22;5;1652;0.0357142857;data anaytics training;2024;11;18;4;2;47;0;1443.98;0.0248315005;0;0;1
157;5825;230.6;16;3;1041;0.0191082803;data anaytics training;2024;11;16;4;7;46;1;810.4;0.0269527897;0;0;1
91;5428;248.38;11;3;1835;0.032967033;learn data analytics  ;2024;11;22;4;6;47;0;1586.62;0.0167649226;0;1;0
140;3571;238.12;21;9;1762;0.0642857143;learn data analytics  ;2024;11;16;4;7;46;1;1523.88;0.0392047046;0;0;1
154;3638;182.17;11;8;1413;0.0519480519;online data analytic  ;2024;11;4;4;2;45;0;1230.83;0.0423309511;1;0;0
133;4505;200.52;23;3;1562;0.022556391;analytics for data    ;2024;11;26;4;3;48;0;1361.48;0.0295227525;0;1;0
143;5016;238.59;26;9;1620;0.0629370629;data analitics online ;2024;11;20;4;4;47;0;1381.41;0.0285087719;1;0;0
141;3071;208.2;10;6;1647;0.0425531915;data analitics online ;2024;11;18;4;2;47;0;1438.8;0.0459133833;0;1;0
135;5682;214;30;3;1445;0.0222222222;data anaytics training;2024;11;15;4;6;46;0;1231.0;0.0237592397;0;1;0
199;5067;247.38;24;8;1365;0.040201005;analytics for data    ;2024;11;19;4;3;47;0;1117.62;0.039273732;1;0;0
138;3971;184.87;28;3;1718;0.0217391304;learn data analytics  ;2024;11;7;4;5;45;0;1533.13;0.0347519516;0;1;0
175;4481;236.38;21;10;1257;0.0571428571;data analytics course ;2024;11;20;4;4;47;0;1020.62;0.0390537826;0;0;1
170;5476;186.29;25;4;1731;0.0235294118;analytics for data    ;2024;11;8;4;6;45;0;1544.71;0.0310445581;1;0;0
138;4426;203.75;24;10;1838;0.0724637681;data analytics course ;2024;11;5;4;3;45;0;1634.25;0.0311793945;1;0;0
108;4080;247.8;18;4;1363;0.037037037;online data analytic  ;2024;11;30;4;7;48;1;1115.2;0.0264705882;0;1;0
150;4113;219.67;12;7;1196;0.0466666667;learn data analytics  ;2024;11;22;4;6;47;0;976.33;0.0364697301;1;0;0
90;5119;226.58;14;10;1348;0.1111111111;analytics for data    ;2024;11;7;4;5;45;0;1121.42;0.0175815589;0;0;1
98;3422;223.55;17;7;1414;0.0714285714;online data analytic  ;2024;11;19;4;3;47;0;1190.45;0.0286382233;0;1;0
130;3327;224.83;13;3;1668;0.0230769231;online data analytic  ;2024;11;16;4;7;46;1;1443.17;0.0390742411;1;0;0
199;4480;199.98;15;8;1467;0.040201005;data anaytics training;2024;11;8;4;6;45;0;1267.02;0.0444196429;0;1;0
101;3241;183.34;24;6;1483;0.0594059406;data anaytics training;2024;11;10;4;1;46;1;1299.66;0.0311632212;0;1;0
118;3970;214.29;27;9;1036;0.0762711864;data analytics course ;2024;11;19;4;3;47;0;821.71;0.0297229219;0;0;1
199;5734;247.99;18;7;1455;0.0351758794;data analitics online ;2024;11;11;4;2;46;0;1207.01;0.0347052668;0;0;1
183;4001;237.85;23;4;1430;0.0218579235;online data analytic  ;2024;11;21;4;5;47;0;1192.15;0.0457385654;1;0;0
126;4206;233.76;29;10;1998;0.0793650794;online data analytic  ;2024;11;6;4;4;45;0;1764.24;0.029957204;0;1;0
199;4745;214;13;9;1800;0.0452261307;analytics for data    ;2024;11;28;4;5;48;0;1586.0;0.041938883;0;1;0
92;4042;200.75;15;7;1234;0.0760869565;learn data analytics  ;2024;11;24;4;1;48;1;1033.25;0.0227610094;0;1;0
139;4883;249.61;10;3;1464;0.0215827338;online data analytic  ;2024;11;12;4;3;46;0;1214.39;0.0284661069;0;1;0
92;3748;208.15;14;8;1297;0.0869565217;analytics for data    ;2024;11;2;4;7;44;1;1088.85;0.0245464248;0;0;1
135;3480;224.94;11;4;1398;0.0296296296;data analitics online ;2024;11;23;4;7;47;1;1173.06;0.0387931034;0;1;0
177;3007;223.22;30;8;1766;0.0451977401;data analitics online ;2024;11;2;4;7;44;1;1542.78;0.0588626538;1;0;0
117;3380;186.73;21;10;1958;0.0854700855;data anaytics training;2024;11;19;4;3;47;0;1771.27;0.0346153846;0;0;1
127;4823;194.69;11;10;1496;0.0787401575;data analytics course ;2024;11;15;4;6;46;0;1301.31;0.0263321584;0;0;1
132;4490;202.45;10;7;1441;0.053030303;data analitics online ;2024;11;10;4;1;46;1;1238.55;0.0293986637;1;0;0
102;5149;229.48;27;9;1137;0.0882352941;learn data analytics  ;2024;11;26;4;3;48;0;907.52;0.0198096718;0;0;1
91;4290;213.74;20;10;1797;0.1098901099;online data analytic  ;2024;11;16;4;7;46;1;1583.26;0.0212121212;1;0;0
163;5643;217.4;30;6;1678;0.036809816;data analitics online ;2024;11;1;4;6;44;0;1460.6;0.0288853447;0;0;1
92;3916;188.1;20;6;1005;0.0652173913;online data analytic  ;2024;11;14;4;5;46;0;816.9;0.0234933606;0;0;1
165;4551;185.35;30;7;1662;0.0424242424;data analitics online ;2024;11;6;4;4;45;0;1476.65;0.036255768;0;0;1
127;3344;201.7;10;8;1190;0.062992126;analytics for data    ;2024;11;11;4;2;46;0;988.3;0.0379784689;0;0;1
178;4441;231.97;22;4;1886;0.0224719101;analytics for data    ;2024;11;24;4;1;48;1;1654.03;0.0400810628;1;0;0
101;4549;234.17;29;5;1568;0.0495049505;data anaytics training;2024;11;27;4;4;48;0;1333.83;0.0222026819;1;0;0
161;5977;193.27;24;7;1366;0.0434782609;online data analytic  ;2024;11;13;4;4;46;0;1172.73;0.0269365903;0;0;1
95;4562;187.62;24;9;1239;0.0947368421;data anaytics training;2024;11;26;4;3;48;0;1051.38;0.0208241999;0;0;1
85;5099;232.56;28;9;1526;0.1058823529;data anaytics training;2024;11;2;4;7;44;1;1293.44;0.0166699353;1;0;0
192;5852;181.05;16;8;1600;0.0416666667;analytics for data    ;2024;11;21;4;5;47;0;1418.95;0.032809296;0;0;1
80;3823;181.57;13;4;1564;0.05;online data analytic  ;2024;11;13;4;4;46;0;1382.43;0.0209259744;0;0;1
191;4612;238.23;20;10;1531;0.0523560209;learn data analytics  ;2024;11;1;4;6;44;0;1292.77;0.0414137034;1;0;0
147;5881;196.34;23;7;1614;0.0476190476;data anaytics training;2024;11;18;4;2;47;0;1417.66;0.024995749;0;0;1
100;5204;197.53;26;4;1675;0.04;data analytics course ;2024;11;24;4;1;48;1;1477.47;0.0192159877;0;1;0
82;5130;233.75;20;9;1504;0.1097560976;data analitics online ;2024;11;15;4;6;46;0;1270.25;0.0159844055;1;0;0
123;5231;202.93;30;10;1551;0.081300813;online data analytic  ;2024;11;23;4;7;47;1;1348.07;0.0235136685;0;0;1
165;5980;248.41;17;3;1803;0.0181818182;online data analytic  ;2024;11;6;4;4;45;0;1554.59;0.0275919732;0;1;0
167;3202;214.87;26;6;1571;0.0359281437;data analitics online ;2024;11;12;4;3;46;0;1356.13;0.0521549032;0;0;1
111;5847;196.71;21;9;1445;0.0810810811;online data analytic  ;2024;11;30;4;7;48;1;1248.29;0.0189840944;1;0;0
94;4359;214;28;5;1920;0.0531914894;learn data analytics  ;2024;11;7;4;5;45;0;1706.0;0.021564579;0;1;0
179;3185;236.74;29;5;1156;0.0279329609;data analytics course ;2024;11;11;4;2;46;0;919.26;0.0562009419;0;0;1
166;5592;183.03;22;4;1636;0.0240963855;online data analytic  ;2024;11;22;4;6;47;0;1452.97;0.0296852647;0;1;0
90;5062;191.4;23;6;1775;0.0666666667;data analytics course ;2024;11;19;4;3;47;0;1583.6;0.0177795338;0;1;0
106;5830;241.9;29;10;1897;0.0943396226;data anaytics training;2024;11;2;4;7;44;1;1655.1;0.0181818182;0;0;1
136;4629;236.96;10;6;1183;0.0441176471;data anaytics training;2024;11;6;4;4;45;0;946.04;0.0293799957;0;0;1
158;4780;247.2;23;9;1005;0.0569620253;learn data analytics  ;2024;11;24;4;1;48;1;757.8;0.0330543933;0;0;1
187;3800;241;16;8;1842;0.0427807487;analytics for data    ;2024;11;9;4;7;45;1;1601.0;0.0492105263;1;0;0
95;4096;242.69;26;9;1550;0.0947368421;online data analytic  ;2024;11;22;4;6;47;0;1307.31;0.0231933594;0;1;0
118;3562;231.5;12;3;1856;0.0254237288;data analytics course ;2024;11;19;4;3;47;0;1624.5;0.0331274565;0;0;1
166;3910;191.32;27;7;1504;0.0421686747;analytics for data    ;2024;11;15;4;6;46;0;1312.68;0.042455243;1;0;0
146;5411;201.76;28;7;1393;0.0479452055;data analitics online ;2024;11;14;4;5;46;0;1191.24;0.0269820736;0;0;1
101;4026;219.68;22;9;1149;0.0891089109;analytics for data    ;2024;11;15;4;6;46;0;929.32;0.0250869349;0;0;1
185;3716;218.23;27;7;1015;0.0378378378;online data analytic  ;2024;11;3;4;1;45;1;796.77;0.0497847147;0;0;1
147;5162;186.79;30;7;1733;0.0476190476;analytics for data    ;2024;11;25;4;2;48;0;1546.21;0.0284773344;0;0;1
188;3859;211.83;30;9;1719;0.0478723404;online data analytic  ;2024;11;28;4;5;48;0;1507.17;0.0487172843;1;0;0
122;3350;225.89;28;3;1509;0.0245901639;data analitics online ;2024;11;24;4;1;48;1;1283.11;0.0364179104;0;0;1
143;5340;214;20;9;1223;0.0629370629;online data analytic  ;2024;11;5;4;3;45;0;1009.0;0.0267790262;0;1;0
170;3124;234.92;17;3;1232;0.0176470588;data anaytics training;2024;11;11;4;2;46;0;997.08;0.0544174136;0;0;1
114;5017;242.62;11;6;1303;0.0526315789;data analitics online ;2024;11;17;4;1;47;1;1060.38;0.0227227427;1;0;0
186;3424;201.81;27;3;1337;0.0161290323;data anaytics training;2024;11;26;4;3;48;0;1135.19;0.0543224299;0;0;1
120;4060;210.95;24;9;1376;0.075;data analitics online ;2024;11;5;4;3;45;0;1165.05;0.0295566502;0;1;0
130;5688;212.05;21;5;1454;0.0384615385;learn data analytics  ;2024;11;17;4;1;47;1;1241.95;0.0228551336;0;0;1
178;5029;189.79;25;8;1510;0.0449438202;data anaytics training;2024;11;9;4;7;45;1;1320.21;0.0353947107;0;0;1
196;5476;204.63;19;4;1288;0.0204081633;data anaytics training;2024;11;26;4;3;48;0;1083.37;0.0357925493;0;0;1
110;5000;197.89;18;3;1110;0.0272727273;online data analytic  ;2024;11;12;4;3;46;0;912.11;0.022;0;0;1
95;4141;207.14;22;3;1929;0.0315789474;learn data analytics  ;2024;11;11;4;2;46;0;1721.86;0.0229413185;0;1;0
183;4791;232.97;27;5;1476;0.0273224044;data analitics online ;2024;11;21;4;5;47;0;1243.03;0.0381966187;0;0;1
100;4168;193.6;30;3;1692;0.03;online data analytic  ;2024;11;25;4;2;48;0;1498.4;0.0239923225;0;0;1
187;3741;226.11;27;10;1342;0.0534759358;learn data analytics  ;2024;11;14;4;5;46;0;1115.89;0.0499866346;0;1;0
90;3577;233.54;24;5;1175;0.0555555556;analytics for data    ;2024;11;14;4;5;46;0;941.46;0.0251607492;0;1;0
148;4469;209.76;25;8;1502;0.0540540541;data analytics course ;2024;11;25;4;2;48;0;1292.24;0.0331170284;0;1;0
129;3611;227.82;11;7;1250;0.0542635659;data anaytics training;2024;11;22;4;6;47;0;1022.18;0.0357241761;0;1;0
120;3947;193.49;15;6;1305;0.05;data anaytics training;2024;11;12;4;3;46;0;1111.51;0.0304028376;1;0;0
82;4239;191.75;23;8;1062;0.0975609756;learn data analytics  ;2024;11;22;4;6;47;0;870.25;0.0193441849;1;0;0
145;5973;242.16;12;7;1508;0.0482758621;online data analytic  ;2024;11;14;4;5;46;0;1265.84;0.0242759083;0;1;0
190;4525;188.85;10;5;1875;0.0263157895;data anaytics training;2024;11;1;4;6;44;0;1686.15;0.0419889503;0;1;0
137;4395;241.58;24;4;1512;0.0291970803;online data analytic  ;2024;11;6;4;4;45;0;1270.42;0.0311717861;0;0;1
157;3047;222.66;19;3;1964;0.0191082803;data analitics online ;2024;11;1;4;6;44;0;1741.34;0.0515260912;1;0;0
105;5348;226.1;27;5;1003;0.0476190476;learn data analytics  ;2024;11;12;4;3;46;0;776.9;0.0196335079;0;1;0
149;3101;231.44;15;9;1126;0.0604026846;data anaytics training;2024;11;6;4;4;45;0;894.56;0.0480490164;0;1;0
159;3693;187.09;24;6;1256;0.0377358491;learn data analytics  ;2024;11;24;4;1;48;1;1068.91;0.0430544273;0;0;1
150;5590;217.98;20;8;1286;0.0533333333;data analytics course ;2024;11;2;4;7;44;1;1068.02;0.0268336315;1;0;0
139;5277;227.46;10;5;1541;0.035971223;data analitics online ;2024;11;15;4;6;46;0;1313.54;0.0263407239;0;1;0
98;4653;205.84;29;5;1866;0.0510204082;data analitics online ;2024;11;2;4;7;44;1;1660.16;0.0210616806;1;0;0
86;3513;211.16;22;7;1917;0.0813953488;data analytics course ;2024;11;10;4;1;46;1;1705.84;0.024480501;0;0;1
128;5772;235.54;20;10;1215;0.078125;data anaytics training;2024;11;4;4;2;45;0;979.46;0.0221760222;0;0;1
105;5840;236.56;22;8;1811;0.0761904762;data analytics course ;2024;11;24;4;1;48;1;1574.44;0.0179794521;0;1;0
90;4549;249;21;10;1245;0.1111111111;data analytics course ;2024;11;19;4;3;47;0;996.0;0.019784568;1;0;0
89;5158;211.76;20;5;1119;0.0561797753;online data analytic  ;2024;11;21;4;5;47;0;907.24;0.0172547499;0;0;1
119;3489;194.36;14;3;1633;0.025210084;data analytics course ;2024;11;10;4;1;46;1;1438.64;0.034107194;1;0;0
173;3977;229.82;30;5;1584;0.0289017341;learn data analytics  ;2024;11;22;4;6;47;0;1354.18;0.0435001257;0;0;1
95;3397;181.89;20;7;1560;0.0736842105;data analytics course ;2024;11;27;4;4;48;0;1378.11;0.0279658522;0;1;0
112;5194;245.97;10;5;1016;0.0446428571;data anaytics training;2024;11;21;4;5;47;0;770.03;0.0215633423;0;1;0
134;3007;217.53;10;5;1371;0.0373134328;data anaytics training;2024;11;30;4;7;48;1;1153.47;0.0445626871;1;0;0
113;5721;216.7;11;6;1743;0.0530973451;data anaytics training;2024;11;17;4;1;47;1;1526.3;0.0197517916;0;0;1
157;3546;189.11;16;5;1333;0.0318471338;data analitics online ;2024;11;28;4;5;48;0;1143.89;0.0442752397;1;0;0
105;3670;245.85;24;9;1653;0.0857142857;data analytics course ;2024;11;24;4;1;48;1;1407.15;0.0286103542;0;1;0
162;5915;211.96;11;6;1394;0.037037037;analytics for data    ;2024;11;20;4;4;47;0;1182.04;0.0273879966;0;1;0
143;4450;219.21;16;10;1917;0.0699300699;learn data analytics  ;2024;11;10;4;1;46;1;1697.79;0.0321348315;1;0;0
136;5782;189.65;23;6;1951;0.0441176471;data anaytics training;2024;11;11;4;2;46;0;1761.35;0.0235212729;0;1;0
192;4339;245.57;24;8;1284;0.0416666667;learn data analytics  ;2024;11;18;4;2;47;0;1038.43;0.0442498271;1;0;0
147;5870;217.98;14;8;1748;0.0544217687;data anaytics training;2024;11;2;4;7;44;1;1530.02;0.0250425894;1;0;0
164;5662;186.41;11;9;1020;0.0548780488;data analytics course ;2024;11;17;4;1;47;1;833.59;0.02896503;0;1;0
192;5130;184.63;19;4;1087;0.0208333333;data analytics course ;2024;11;7;4;5;45;0;902.37;0.0374269006;0;0;1
139;4608;224.99;12;8;1095;0.0575539568;data anaytics training;2024;11;12;4;3;46;0;870.01;0.0301649306;0;0;1
199;5290;218.55;20;7;1234;0.0351758794;learn data analytics  ;2024;11;30;4;7;48;1;1015.45;0.0376181474;0;1;0
82;4961;220.29;27;7;1149;0.0853658537;data analytics course ;2024;11;2;4;7;44;1;928.71;0.0165289256;0;1;0
175;4347;242.06;17;3;1617;0.0171428571;data anaytics training;2024;11;22;4;6;47;0;1374.94;0.040257649;0;0;1
181;5664;204.74;22;5;1719;0.0276243094;data analytics course ;2024;11;22;4;6;47;0;1514.26;0.0319562147;0;0;1
146;3757;192.59;25;9;1169;0.0616438356;online data analytic  ;2024;11;9;4;7;45;1;976.41;0.0388607932;0;0;1
192;4225;242;24;6;1032;0.03125;data analitics online ;2024;11;1;4;6;44;0;790.0;0.045443787;1;0;0
149;3410;181.12;20;4;1806;0.0268456376;learn data analytics  ;2024;11;17;4;1;47;1;1624.88;0.0436950147;0;0;1
93;3934;226.84;20;6;1964;0.064516129;data analitics online ;2024;11;18;4;2;47;0;1737.16;0.023640061;1;0;0
182;3384;187.67;18;8;1769;0.043956044;analytics for data    ;2024;11;1;4;6;44;0;1581.33;0.0537825059;0;0;1
99;3842;246.3;23;8;1452;0.0808080808;online data analytic  ;2024;11;10;4;1;46;1;1205.7;0.0257678293;0;1;0
188;4022;238.61;20;8;1504;0.0425531915;data analitics online ;2024;11;6;4;4;45;0;1265.39;0.046742914;1;0;0
193;5786;201.51;16;10;1617;0.0518134715;data anaytics training;2024;11;5;4;3;45;0;1415.49;0.0333563775;0;1;0
107;4423;239.47;25;9;1370;0.0841121495;analytics for data    ;2024;11;23;4;7;47;1;1130.53;0.0241917251;0;0;1
131;4228;230.18;16;9;1393;0.0687022901;data anaytics training;2024;11;7;4;5;45;0;1162.82;0.0309839167;0;0;1
139;5120;199.3;24;5;1835;0.035971223;data analytics course ;2024;11;23;4;7;47;1;1635.7;0.0271484375;1;0;0
141;3600;227.54;20;6;1367;0.0425531915;learn data analytics  ;2024;11;7;4;5;45;0;1139.46;0.0391666667;0;0;1
175;5016;214;16;3;1836;0.0171428571;learn data analytics  ;2024;11;7;4;5;45;0;1622.0;0.0348883573;0;1;0
96;5771;213.98;30;3;1130;0.03125;analytics for data    ;2024;11;30;4;7;48;1;916.02;0.0166348986;1;0;0
139;4615;194.89;12;6;1923;0.0431654676;data anaytics training;2024;11;25;4;2;48;0;1728.11;0.0301191766;0;1;0
187;3115;184.61;12;3;1324;0.0160427807;learn data analytics  ;2024;11;30;4;7;48;1;1139.39;0.0600321027;1;0;0
153;5886;218.33;29;3;1424;0.0196078431;analytics for data    ;2024;11;20;4;4;47;0;1205.67;0.0259938838;1;0;0
122;4929;192.72;10;10;1507;0.0819672131;data anaytics training;2024;11;12;4;3;46;0;1314.28;0.0247514709;0;0;1
151;4357;238.69;28;9;1447;0.059602649;analytics for data    ;2024;11;13;4;4;46;0;1208.31;0.034656874;0;1;0
116;4519;184.29;23;7;1070;0.0603448276;data anaytics training;2024;11;12;4;3;46;0;885.71;0.0256693959;0;0;1
145;5612;207.34;22;4;1689;0.0275862069;learn data analytics  ;2024;11;12;4;3;46;0;1481.66;0.0258374911;0;0;1
90;3251;198.69;12;7;1044;0.0777777778;learn data analytics  ;2024;11;30;4;7;48;1;845.31;0.0276837896;1;0;0
133;3360;203.78;13;9;1654;0.0676691729;online data analytic  ;2024;11;14;4;5;46;0;1450.22;0.0395833333;1;0;0
135;5891;245.69;21;6;1947;0.0444444444;learn data analytics  ;2024;11;5;4;3;45;0;1701.31;0.022916313;1;0;0
155;5835;239.52;10;4;1504;0.0258064516;analytics for data    ;2024;11;13;4;4;46;0;1264.48;0.0265638389;1;0;0
100;4928;186.68;22;10;1071;0.1;analytics for data    ;2024;11;23;4;7;47;1;884.32;0.0202922078;1;0;0
138;4049;182.66;20;7;1292;0.0507246377;online data analytic  ;2024;11;20;4;4;47;0;1109.34;0.0340824895;1;0;0
109;4114;243.33;18;6;1456;0.0550458716;learn data analytics  ;2024;11;25;4;2;48;0;1212.67;0.0264948955;0;1;0
124;3947;198.11;11;4;1308;0.0322580645;data analytics course ;2024;11;26;4;3;48;0;1109.89;0.0314162655;1;0;0
139;3705;239.26;25;6;1506;0.0431654676;online data analytic  ;2024;11;2;4;7;44;1;1266.74;0.0375168691;0;1;0
197;5365;208.86;14;4;1106;0.0203045685;data anaytics training;2024;11;1;4;6;44;0;897.14;0.0367194781;0;1;0
114;5213;224.65;26;4;1218;0.0350877193;online data analytic  ;2024;11;29;4;6;48;0;993.35;0.0218684059;0;1;0
117;3951;212.02;16;5;1949;0.0427350427;data anaytics training;2024;11;10;4;1;46;1;1736.98;0.0296127563;0;0;1
198;3405;224.9;13;10;1631;0.0505050505;online data analytic  ;2024;11;14;4;5;46;0;1406.1;0.0581497797;0;1;0
160;5367;208.47;20;8;1853;0.05;data analytics course ;2024;11;15;4;6;46;0;1644.53;0.0298118129;0;1;0
137;3602;194.55;23;5;1580;0.0364963504;data analytics course ;2024;11;2;4;7;44;1;1385.45;0.0380344253;0;1;0
163;3917;209.01;10;3;1823;0.018404908;data anaytics training;2024;11;17;4;1;47;1;1613.99;0.0416134797;0;1;0
138;5671;244.12;26;3;1502;0.0217391304;analytics for data    ;2024;11;13;4;4;46;0;1257.88;0.0243343326;0;1;0
194;5019;227.67;28;7;1019;0.0360824742;learn data analytics  ;2024;11;22;4;6;47;0;791.33;0.0386531182;1;0;0
177;3569;190.31;13;8;1403;0.0451977401;online data analytic  ;2024;11;25;4;2;48;0;1212.69;0.0495937237;1;0;0
113;3420;223.48;22;10;1138;0.0884955752;online data analytic  ;2024;11;23;4;7;47;1;914.52;0.0330409357;1;0;0
133;3064;221.8;22;5;1538;0.037593985;learn data analytics  ;2024;11;11;4;2;46;0;1316.2;0.0434073107;1;0;0
118;3730;207.5;25;8;1011;0.0677966102;data anaytics training;2024;11;12;4;3;46;0;803.5;0.0316353887;1;0;0
109;5852;235.44;20;5;1946;0.0458715596;analytics for data    ;2024;11;14;4;5;46;0;1710.56;0.0186261107;0;0;1
109;4011;184.51;13;6;1375;0.0550458716;data analitics online ;2024;11;23;4;7;47;1;1190.49;0.027175268;0;0;1
128;4636;243.83;20;10;1941;0.078125;data anaytics training;2024;11;2;4;7;44;1;1697.17;0.0276100086;1;0;0
181;3087;201.29;19;10;1504;0.0552486188;data analitics online ;2024;11;20;4;4;47;0;1302.71;0.058632977;1;0;0
89;5872;198.32;14;6;1553;0.0674157303;online data analytic  ;2024;11;20;4;4;47;0;1354.68;0.0151566757;1;0;0
157;5762;248.1;26;4;1999;0.025477707;data analitics online ;2024;11;5;4;3;45;0;1750.9;0.0272474835;0;1;0
88;3396;193.79;19;5;1860;0.0568181818;online data analytic  ;2024;11;18;4;2;47;0;1666.21;0.0259128386;1;0;0
130;3092;211.39;28;7;1031;0.0538461538;data analytics course ;2024;11;24;4;1;48;1;819.61;0.0420439845;0;1;0
194;4240;213.45;18;4;1890;0.0206185567;data analitics online ;2024;11;23;4;7;47;1;1676.55;0.045754717;0;1;0
180;4297;200.04;24;5;1050;0.0277777778;data analytics course ;2024;11;18;4;2;47;0;849.96;0.0418896905;1;0;0
143;5518;243.83;15;10;1862;0.0699300699;data analitics online ;2024;11;22;4;6;47;0;1618.17;0.0259151867;1;0;0
136;5039;235.44;24;7;1839;0.0514705882;data analitics online ;2024;11;8;4;6;45;0;1603.56;0.026989482;0;0;1
139;3596;210.31;23;9;1269;0.0647482014;online data analytic  ;2024;11;1;4;6;44;0;1058.69;0.0386540601;0;1;0
118;4845;190.25;11;3;1446;0.0254237288;analytics for data    ;2024;11;18;4;2;47;0;1255.75;0.0243550052;0;0;1
101;4883;237.89;11;6;1368;0.0594059406;analytics for data    ;2024;11;14;4;5;46;0;1130.11;0.0206840057;0;0;1
120;4618;200.91;18;7;1775;0.0583333333;data analitics online ;2024;11;2;4;7;44;1;1574.09;0.025985275;0;1;0
194;3941;240.35;27;10;1373;0.0515463918;data analytics course ;2024;11;11;4;2;46;0;1132.65;0.0492260848;0;0;1
135;5096;230.32;14;4;1478;0.0296296296;data anaytics training;2024;11;18;4;2;47;0;1247.68;0.0264913658;1;0;0
190;5537;188.98;20;4;1989;0.0210526316;learn data analytics  ;2024;11;4;4;2;45;0;1800.02;0.0343146108;0;1;0
198;4208;180.06;19;8;1462;0.0404040404;data anaytics training;2024;11;8;4;6;45;0;1281.94;0.0470532319;1;0;0
87;5358;236.57;19;5;1141;0.0574712644;learn data analytics  ;2024;11;2;4;7;44;1;904.43;0.016237402;0;1;0
106;5583;218.81;13;3;1049;0.0283018868;data analytics course ;2024;11;15;4;6;46;0;830.19;0.0189862081;0;0;1
169;3069;227.7;12;5;1063;0.0295857988;data analytics course ;2024;11;28;4;5;48;0;835.3;0.055066797;1;0;0
195;3738;202.08;18;7;1647;0.0358974359;online data analytic  ;2024;11;16;4;7;46;1;1444.92;0.0521669342;0;1;0
161;4852;235.1;10;8;1738;0.049689441;online data analytic  ;2024;11;24;4;1;48;1;1502.9;0.0331821929;0;0;1
195;5120;249.6;26;3;1571;0.0153846154;data anaytics training;2024;11;4;4;2;45;0;1321.4;0.0380859375;1;0;0
111;3550;231.81;10;9;1462;0.0810810811;data anaytics training;2024;11;26;4;3;48;0;1230.19;0.0312676056;1;0;0
124;5618;205.95;25;7;1374;0.0564516129;data analytics course ;2024;11;19;4;3;47;0;1168.05;0.0220719117;1;0;0
89;4700;219.95;28;6;1493;0.0674157303;data analytics course ;2024;11;19;4;3;47;0;1273.05;0.0189361702;1;0;0
122;5874;201.04;10;7;1352;0.0573770492;data analytics course ;2024;11;30;4;7;48;1;1150.96;0.0207694927;0;0;1
177;5965;199.7;28;3;1090;0.0169491525;data analitics online ;2024;11;13;4;4;46;0;890.3;0.029673093;1;0;0
163;5774;221.61;29;9;1396;0.0552147239;learn data analytics  ;2024;11;8;4;6;45;0;1174.39;0.0282299965;0;0;1
124;4079;189.07;18;3;1430;0.0241935484;data analytics course ;2024;11;23;4;7;47;1;1240.93;0.0303996077;0;0;1
105;3670;218.45;25;6;1650;0.0571428571;online data analytic  ;2024;11;22;4;6;47;0;1431.55;0.0286103542;0;0;1
122;3394;217.98;20;4;1053;0.0327868852;data analitics online ;2024;11;3;4;1;45;1;835.02;0.0359457867;1;0;0
166;5730;241.3;16;5;1504;0.0301204819;data analitics online ;2024;11;17;4;1;47;1;1262.7;0.0289703316;1;0;0
96;3761;196.45;10;5;1518;0.0520833333;online data analytic  ;2024;11;30;4;7;48;1;1321.55;0.0255251263;0;1;0
135;4505;214.64;17;9;1500;0.0666666667;online data analytic  ;2024;11;6;4;4;45;0;1285.36;0.0299667037;1;0;0
179;3975;183.25;14;3;1502;0.0167597765;data analytics course ;2024;11;6;4;4;45;0;1318.75;0.0450314465;0;1;0
163;4480;206.46;14;3;1103;0.018404908;learn data analytics  ;2024;11;12;4;3;46;0;896.54;0.0363839286;0;1;0
198;5883;217.98;19;9;1182;0.0454545455;data analitics online ;2024;11;27;4;4;48;0;964.02;0.0336562978;1;0;0
86;3555;225.23;11;6;1193;0.0697674419;data anaytics training;2024;11;11;4;2;46;0;967.77;0.0241912799;0;0;1
89;3760;218.69;21;9;1474;0.1011235955;learn data analytics  ;2024;11;25;4;2;48;0;1255.31;0.0236702128;0;0;1
118;3596;236.66;29;9;1154;0.0762711864;data analytics course ;2024;11;23;4;7;47;1;917.34;0.032814238;0;1;0
143;3217;232.15;21;8;1726;0.0559440559;data anaytics training;2024;11;21;4;5;47;0;1493.85;0.0444513522;1;0;0
95;5386;184.96;23;8;1045;0.0842105263;online data analytic  ;2024;11;20;4;4;47;0;860.04;0.0176383216;0;0;1
144;5381;199.43;10;10;1085;0.0694444444;data anaytics training;2024;11;9;4;7;45;1;885.57;0.0267608251;0;0;1
107;5536;238.75;15;3;1822;0.0280373832;analytics for data    ;2024;11;17;4;1;47;1;1583.25;0.0193280347;1;0;0
146;3165;211.09;16;7;1706;0.0479452055;learn data analytics  ;2024;11;8;4;6;45;0;1494.91;0.0461295419;1;0;0
114;5217;247.94;11;10;1876;0.0877192982;data analitics online ;2024;11;18;4;2;47;0;1628.06;0.0218516389;0;0;1
162;4301;223.77;21;7;1066;0.0432098765;learn data analytics  ;2024;11;20;4;4;47;0;842.23;0.0376656591;1;0;0
95;5971;214.57;29;10;1539;0.1052631579;analytics for data    ;2024;11;16;4;7;46;1;1324.43;0.0159102328;1;0;0
163;5160;184.84;19;4;1773;0.0245398773;data analytics course ;2024;11;23;4;7;47;1;1588.16;0.0315891473;0;0;1
148;5947;212.38;12;4;1294;0.027027027;online data analytic  ;2024;11;24;4;1;48;1;1081.62;0.0248864974;1;0;0
156;4150;223.17;20;10;1940;0.0641025641;learn data analytics  ;2024;11;14;4;5;46;0;1716.83;0.0375903614;0;1;0
99;4040;214;13;5;1502;0.0505050505;online data analytic  ;2024;11;26;4;3;48;0;1288.0;0.0245049505;0;1;0
124;5956;201.44;12;9;1598;0.0725806452;data analitics online ;2024;11;24;4;1;48;1;1396.56;0.0208193418;0;1;0
138;4769;229.44;27;8;1504;0.0579710145;data anaytics training;2024;11;19;4;3;47;0;1274.56;0.028936884;1;0;0
140;3822;241.68;30;10;1138;0.0714285714;data analytics course ;2024;11;19;4;3;47;0;896.32;0.0366300366;0;1;0
81;3147;232.2;30;9;1066;0.1111111111;data analytics course ;2024;11;29;4;6;48;0;833.8;0.0257387989;1;0;0
165;4613;246.72;19;3;1055;0.0181818182;data anaytics training;2024;11;11;4;2;46;0;808.28;0.0357684804;0;1;0
193;4919;247.24;19;4;1933;0.0207253886;data analitics online ;2024;11;25;4;2;48;0;1685.76;0.039235617;0;0;1
149;5205;218.42;20;4;1070;0.0268456376;online data analytic  ;2024;11;28;4;5;48;0;851.58;0.0286263208;1;0;0
81;3497;226.66;11;6;1047;0.0740740741;data analitics online ;2024;11;19;4;3;47;0;820.34;0.0231627109;1;0;0
153;4057;197.54;23;5;1926;0.0326797386;data analitics online ;2024;11;22;4;6;47;0;1728.46;0.0377125955;0;1;0
127;5018;194.25;17;8;1350;0.062992126;data analitics online ;2024;11;21;4;5;47;0;1155.75;0.025308888;1;0;0
99;4012;220.76;14;4;1698;0.0404040404;data anaytics training;2024;11;12;4;3;46;0;1477.24;0.0246759721;0;1;0
104;3013;204.07;12;3;1016;0.0288461538;learn data analytics  ;2024;11;20;4;4;47;0;811.93;0.0345170926;1;0;0
118;3824;184.8;16;5;1818;0.0423728814;learn data analytics  ;2024;11;19;4;3;47;0;1633.2;0.0308577406;0;0;1
148;5000;224.41;11;3;1491;0.0202702703;online data analytic  ;2024;11;30;4;7;48;1;1266.59;0.0296;1;0;0
88;3804;249.2;10;8;1044;0.0909090909;data anaytics training;2024;11;9;4;7;45;1;794.8;0.0231335436;0;1;0
142;3791;207.86;23;4;1073;0.0281690141;data analitics online ;2024;11;20;4;4;47;0;865.14;0.0374571353;0;1;0
127;5198;242.56;26;6;1872;0.0472440945;learn data analytics  ;2024;11;16;4;7;46;1;1629.44;0.024432474;0;1;0
117;5329;212.49;14;5;1888;0.0427350427;data analytics course ;2024;11;3;4;1;45;1;1675.51;0.0219553387;1;0;0
125;5435;202.65;25;5;1767;0.04;online data analytic  ;2024;11;23;4;7;47;1;1564.35;0.02299908;0;0;1
92;4977;209.78;26;3;1834;0.0326086957;learn data analytics  ;2024;11;12;4;3;46;0;1624.22;0.0184850311;0;1;0
112;3850;233.52;14;8;1760;0.0714285714;data analytics course ;2024;11;22;4;6;47;0;1526.48;0.0290909091;0;0;1
144;5976;197.65;13;9;1743;0.0625;data analytics course ;2024;11;22;4;6;47;0;1545.35;0.0240963855;1;0;0
103;4693;218.67;14;10;1390;0.0970873786;learn data analytics  ;2024;11;9;4;7;45;1;1171.33;0.0219475815;1;0;0
117;4367;233.27;24;3;1238;0.0256410256;learn data analytics  ;2024;11;24;4;1;48;1;1004.73;0.026791848;0;1;0
100;5481;180.72;14;7;1185;0.07;analytics for data    ;2024;11;2;4;7;44;1;1004.28;0.0182448458;0;0;1
179;4109;191.84;19;4;1961;0.0223463687;online data analytic  ;2024;11;2;4;7;44;1;1769.16;0.0435629107;0;1;0
180;3887;186.26;18;6;1048;0.0333333333;data analytics course ;2024;11;5;4;3;45;0;861.74;0.0463082068;0;0;1
146;4633;186.07;26;3;1053;0.0205479452;data anaytics training;2024;11;25;4;2;48;0;866.93;0.0315130585;0;0;1
124;5353;239.69;13;4;1493;0.0322580645;learn data analytics  ;2024;11;19;4;3;47;0;1253.31;0.0231645806;0;0;1
169;5380;199.66;27;6;1059;0.0355029586;data anaytics training;2024;11;3;4;1;45;1;859.34;0.0314126394;0;0;1
91;5104;211.85;29;9;1309;0.0989010989;data analytics course ;2024;11;16;4;7;46;1;1097.15;0.0178291536;0;1;0
145;4538;236.03;24;8;1220;0.0551724138;online data analytic  ;2024;11;17;4;1;47;1;983.97;0.0319524019;0;0;1
115;4345;229.71;15;4;1467;0.0347826087;data analytics course ;2024;11;26;4;3;48;0;1237.29;0.0264672037;1;0;0
123;3527;239.31;21;3;1536;0.0243902439;analytics for data    ;2024;11;4;4;2;45;0;1296.69;0.0348738305;0;1;0
101;3330;209.8;19;10;1296;0.099009901;data anaytics training;2024;11;14;4;5;46;0;1086.2;0.0303303303;1;0;0
141;3913;245.32;21;3;1904;0.0212765957;analytics for data    ;2024;11;15;4;6;46;0;1658.68;0.0360337337;0;0;1
160;4597;211.88;21;4;1507;0.025;data anaytics training;2024;11;21;4;5;47;0;1295.12;0.0348053078;0;0;1
105;3008;206.91;21;4;1009;0.0380952381;online data analytic  ;2024;11;10;4;1;46;1;802.09;0.0349069149;0;0;1
178;5318;207.05;18;4;1421;0.0224719101;data analitics online ;2024;11;20;4;4;47;0;1213.95;0.0334712298;0;0;1
189;5244;242.18;29;3;1080;0.0158730159;analytics for data    ;2024;11;7;4;5;45;0;837.82;0.0360411899;1;0;0
114;4804;249.33;14;6;1879;0.0526315789;data analytics course ;2024;11;5;4;3;45;0;1629.67;0.0237302248;1;0;0
160;5920;201.3;30;7;1080;0.04375;data analytics course ;2024;11;18;4;2;47;0;878.7;0.027027027;0;1;0
101;5280;234.72;18;9;1046;0.0891089109;data analytics course ;2024;11;27;4;4;48;0;811.28;0.0191287879;0;1;0
146;3887;206.59;26;9;1042;0.0616438356;online data analytic  ;2024;11;7;4;5;45;0;835.41;0.0375611011;0;0;1
128;4532;183.28;11;7;1571;0.0546875;data anaytics training;2024;11;25;4;2;48;0;1387.72;0.0282436011;0;0;1
163;4125;246.09;27;5;1910;0.0306748466;learn data analytics  ;2024;11;27;4;4;48;0;1663.91;0.0395151515;1;0;0
193;5571;213.5;19;8;1754;0.0414507772;analytics for data    ;2024;11;28;4;5;48;0;1540.5;0.0346436905;1;0;0
179;4309;237.62;21;7;1719;0.0391061453;data analytics course ;2024;11;14;4;5;46;0;1481.38;0.0415409608;1;0;0
86;5538;223.13;22;7;1544;0.0813953488;data anaytics training;2024;11;30;4;7;48;1;1320.87;0.0155290719;0;1;0
92;3162;202.76;25;5;1577;0.0543478261;data anaytics training;2024;11;1;4;6;44;0;1374.24;0.0290955092;1;0;0
125;5811;194.92;14;6;1502;0.048;data anaytics training;2024;11;22;4;6;47;0;1307.08;0.0215109276;0;1;0
147;3112;206.74;12;8;1815;0.0544217687;data analytics course ;2024;11;18;4;2;47;0;1608.26;0.0472365039;1;0;0
143;4492;188.98;13;3;1504;0.020979021;online data analytic  ;2024;11;9;4;7;45;1;1315.02;0.0318343722;1;0;0
181;4480;208.33;22;8;1932;0.044198895;online data analytic  ;2024;11;5;4;3;45;0;1723.67;0.0404017857;0;1;0
164;3872;210.53;12;5;1532;0.0304878049;data analitics online ;2024;11;12;4;3;46;0;1321.47;0.0423553719;0;1;0
199;4255;212.84;14;6;1125;0.0301507538;learn data analytics  ;2024;11;22;4;6;47;0;912.16;0.0467685076;0;0;1
83;4538;229.97;12;8;2000;0.0963855422;analytics for data    ;2024;11;30;4;7;48;1;1770.03;0.0182899956;0;0;1
150;5619;191.89;23;6;1735;0.04;data anaytics training;2024;11;19;4;3;47;0;1543.11;0.0266951415;0;0;1
171;5157;183.26;24;9;1430;0.0526315789;data analitics online ;2024;11;9;4;7;45;1;1246.74;0.0331588133;0;0;1
139;4871;211.4;25;9;1247;0.0647482014;data anaytics training;2024;11;29;4;6;48;0;1035.6;0.0285362349;1;0;0
117;5863;224.69;24;10;1580;0.0854700855;data analitics online ;2024;11;16;4;7;46;1;1355.31;0.0199556541;1;0;0
196;3205;188.82;24;8;1837;0.0408163265;data analytics course ;2024;11;24;4;1;48;1;1648.18;0.0611544462;0;0;1
184;5463;224.58;30;6;1565;0.0326086957;data anaytics training;2024;11;26;4;3;48;0;1340.42;0.0336811276;0;1;0
103;5667;232.48;26;8;1888;0.0776699029;learn data analytics  ;2024;11;16;4;7;46;1;1655.52;0.0181754014;0;1;0
120;4666;180.72;30;3;1627;0.025;analytics for data    ;2024;11;24;4;1;48;1;1446.28;0.0257179597;1;0;0
148;3632;214.46;28;10;1589;0.0675675676;data anaytics training;2024;11;18;4;2;47;0;1374.54;0.0407488987;1;0;0
80;3834;181.22;15;3;1270;0.0375;learn data analytics  ;2024;11;22;4;6;47;0;1088.78;0.0208659364;0;1;0
168;3934;246.09;24;6;1592;0.0357142857;data analitics online ;2024;11;24;4;1;48;1;1345.91;0.0427046263;0;1;0
136;5724;218.37;25;10;1268;0.0735294118;data analytics course ;2024;11;18;4;2;47;0;1049.63;0.0237596087;0;0;1
86;4763;243.78;11;8;1770;0.0930232558;learn data analytics  ;2024;11;13;4;4;46;0;1526.22;0.0180558472;1;0;0
175;3095;236.86;22;4;1617;0.0228571429;analytics for data    ;2024;11;20;4;4;47;0;1380.14;0.056542811;1;0;0
173;5554;185.09;22;4;1000;0.0231213873;data analytics course ;2024;11;1;4;6;44;0;814.91;0.0311487216;0;0;1
192;3407;223.29;29;9;1538;0.046875;data anaytics training;2024;11;25;4;2;48;0;1314.71;0.0563545641;0;1;0
190;4465;241.38;28;5;1910;0.0263157895;analytics for data    ;2024;11;4;4;2;45;0;1668.62;0.0425531915;0;0;1
161;3311;221.64;16;5;1006;0.0310559006;online data analytic  ;2024;11;2;4;7;44;1;784.36;0.0486257928;0;1;0
197;3265;200.4;15;3;1882;0.0152284264;learn data analytics  ;2024;11;1;4;6;44;0;1681.6;0.0603369066;1;0;0
80;4969;210.7;25;3;1146;0.0375;analytics for data    ;2024;11;5;4;3;45;0;935.3;0.0160998189;0;1;0
145;5368;200.88;14;4;1125;0.0275862069;learn data analytics  ;2024;11;27;4;4;48;0;924.12;0.0270119225;0;1;0
90;5851;232.94;22;8;1421;0.0888888889;learn data analytics  ;2024;11;28;4;5;48;0;1188.06;0.015381986;0;0;1
109;4884;228.13;11;8;1680;0.0733944954;data anaytics training;2024;11;15;4;6;46;0;1451.87;0.0223177723;0;0;1
130;5719;214.29;10;5;1208;0.0384615385;analytics for data    ;2024;11;23;4;7;47;1;993.71;0.0227312467;0;0;1
179;5828;247.84;15;4;1127;0.0223463687;analytics for data    ;2024;11;14;4;5;46;0;879.16;0.0307137955;1;0;0
181;4935;239.29;15;5;1497;0.0276243094;data anaytics training;2024;11;9;4;7;45;1;1257.71;0.0366767984;0;0;1
188;4491;201.73;24;7;1906;0.0372340426;online data analytic  ;2024;11;21;4;5;47;0;1704.27;0.0418615008;1;0;0
139;3659;189.09;16;4;1892;0.0287769784;data anaytics training;2024;11;29;4;6;48;0;1702.91;0.0379885215;0;0;1
99;4809;210.6;24;8;1504;0.0808080808;data analytics course ;2024;11;13;4;4;46;0;1293.4;0.0205864005;1;0;0
95;5844;211.95;10;9;1444;0.0947368421;learn data analytics  ;2024;11;8;4;6;45;0;1232.05;0.016255989;0;1;0
131;5559;214.29;28;5;1604;0.0381679389;analytics for data    ;2024;11;29;4;6;48;0;1389.71;0.0235653895;0;0;1
190;4630;217.6;27;4;1900;0.0210526316;data anaytics training;2024;11;23;4;7;47;1;1682.4;0.0410367171;0;1;0
123;3340;225.16;23;8;1563;0.0650406504;online data analytic  ;2024;11;26;4;3;48;0;1337.84;0.0368263473;1;0;0
97;3330;182.98;15;3;1102;0.0309278351;data analitics online ;2024;11;14;4;5;46;0;919.02;0.0291291291;0;1;0
164;3117;198.53;25;5;1749;0.0304878049;analytics for data    ;2024;11;29;4;6;48;0;1550.47;0.0526146936;1;0;0
134;3562;247.59;24;10;1295;0.0746268657;analytics for data    ;2024;11;1;4;6;44;0;1047.41;0.037619315;0;1;0
117;5144;221.76;23;3;1338;0.0256410256;analytics for data    ;2024;11;11;4;2;46;0;1116.24;0.0227449456;1;0;0
168;4375;217.98;19;8;1267;0.0476190476;online data analytic  ;2024;11;6;4;4;45;0;1049.02;0.0384;1;0;0
173;3328;224.17;15;10;1904;0.0578034682;online data analytic  ;2024;11;28;4;5;48;0;1679.83;0.0519831731;1;0;0
158;4336;238.29;26;9;1245;0.0569620253;online data analytic  ;2024;11;30;4;7;48;1;1006.71;0.0364391144;0;1;0
135;5063;195.58;22;6;1502;0.0444444444;learn data analytics  ;2024;11;29;4;6;48;0;1306.42;0.0266640332;0;1;0
182;5993;214.29;19;3;1254;0.0164835165;data anaytics training;2024;11;19;4;3;47;0;1039.71;0.0303687636;0;0;1
83;3926;237.07;22;5;1667;0.0602409639;analytics for data    ;2024;11;7;4;5;45;0;1429.93;0.0211411105;1;0;0
85;5570;221.73;14;7;1292;0.0823529412;data analitics online ;2024;11;29;4;6;48;0;1070.27;0.0152603232;0;1;0
98;5571;208.4;15;7;1890;0.0714285714;analytics for data    ;2024;11;14;4;5;46;0;1681.6;0.0175910968;0;0;1
151;5700;182.27;13;3;1255;0.0198675497;data analytics course ;2024;11;23;4;7;47;1;1072.73;0.0264912281;1;0;0
122;4441;244.38;25;6;1507;0.0491803279;analytics for data    ;2024;11;2;4;7;44;1;1262.62;0.0274712902;0;0;1
84;4646;226.32;11;7;1596;0.0833333333;analytics for data    ;2024;11;30;4;7;48;1;1369.68;0.0180800689;0;1;0
127;5964;182.01;26;7;1490;0.0551181102;data analytics course ;2024;11;25;4;2;48;0;1307.99;0.0212944333;0;0;1
148;4725;187.02;25;3;1586;0.0202702703;learn data analytics  ;2024;11;15;4;6;46;0;1398.98;0.0313227513;1;0;0
85;4230;233.73;18;8;1998;0.0941176471;data analytics course ;2024;11;8;4;6;45;0;1764.27;0.0200945626;0;1;0
105;3880;246.63;19;8;1598;0.0761904762;data anaytics training;2024;11;13;4;4;46;0;1351.37;0.0270618557;1;0;0
187;3842;214.35;28;5;1596;0.0267379679;online data analytic  ;2024;11;13;4;4;46;0;1381.65;0.0486725664;1;0;0
153;3143;244.73;12;10;1365;0.0653594771;online data analytic  ;2024;11;15;4;6;46;0;1120.27;0.0486796055;1;0;0
143;5781;208.63;21;9;1443;0.0629370629;data analitics online ;2024;11;26;4;3;48;0;1234.37;0.0247362048;1;0;0
183;3790;202.48;21;8;1215;0.043715847;data anaytics training;2024;11;26;4;3;48;0;1012.52;0.0482849604;0;0;1
172;4250;235.2;28;7;1036;0.0406976744;learn data analytics  ;2024;11;6;4;4;45;0;800.8;0.0404705882;1;0;0
98;3800;240.45;16;3;1700;0.0306122449;data analytics course ;2024;11;1;4;6;44;0;1459.55;0.0257894737;0;0;1
87;4675;200.71;28;6;1428;0.0689655172;analytics for data    ;2024;11;20;4;4;47;0;1227.29;0.0186096257;1;0;0
84;5711;216.02;13;6;1654;0.0714285714;data anaytics training;2024;11;17;4;1;47;1;1437.98;0.0147084574;0;0;1
151;3022;191.35;13;4;1133;0.0264900662;learn data analytics  ;2024;11;18;4;2;47;0;941.65;0.0499669093;1;0;0
113;5407;203.23;15;9;1745;0.0796460177;data anaytics training;2024;11;16;4;7;46;1;1541.77;0.0208988348;0;0;1
89;5095;202.21;22;4;1065;0.0449438202;data analytics course ;2024;11;7;4;5;45;0;862.79;0.017468106;0;1;0
174;3587;217.67;10;7;1226;0.0402298851;data anaytics training;2024;11;22;4;6;47;0;1008.33;0.0485085029;1;0;0
166;5524;205.53;25;7;1241;0.0421686747;analytics for data    ;2024;11;24;4;1;48;1;1035.47;0.0300506879;1;0;0
196;3777;246.52;20;5;1159;0.0255102041;data analytics course ;2024;11;15;4;6;46;0;912.48;0.0518930368;0;0;1
97;3480;233.32;22;3;1008;0.0309278351;data analitics online ;2024;11;28;4;5;48;0;774.68;0.0278735632;0;0;1
89;4200;200.98;23;8;1476;0.0898876404;data analytics course ;2024;11;23;4;7;47;1;1275.02;0.0211904762;1;0;0
130;5384;218.6;24;8;1943;0.0615384615;learn data analytics  ;2024;11;28;4;5;48;0;1724.4;0.0241456166;1;0;0
103;4766;245.34;11;8;1488;0.0776699029;analytics for data    ;2024;11;8;4;6;45;0;1242.66;0.0216114142;0;0;1
138;3322;196.83;17;8;1507;0.0579710145;online data analytic  ;2024;11;1;4;6;44;0;1310.17;0.0415412402;0;0;1
127;4625;207.62;17;3;1811;0.0236220472;learn data analytics  ;2024;11;17;4;1;47;1;1603.38;0.0274594595;0;0;1
170;4689;195.98;26;6;1873;0.0352941176;data analitics online ;2024;11;14;4;5;46;0;1677.02;0.036255065;0;0;1
115;3764;197.47;20;5;1952;0.0434782609;learn data analytics  ;2024;11;27;4;4;48;0;1754.53;0.0305526036;0;0;1
132;3365;198.01;17;9;1161;0.0681818182;analytics for data    ;2024;11;14;4;5;46;0;962.99;0.0392273403;0;0;1
168;3392;230.77;15;9;1504;0.0535714286;online data analytic  ;2024;11;11;4;2;46;0;1273.23;0.0495283019;1;0;0
145;5978;223.3;30;10;1859;0.0689655172;online data analytic  ;2024;11;20;4;4;47;0;1635.7;0.0242556039;1;0;0
163;3340;217.35;26;7;1751;0.0429447853;data anaytics training;2024;11;24;4;1;48;1;1533.65;0.0488023952;0;1;0
84;4407;192.52;19;10;1221;0.119047619;learn data analytics  ;2024;11;3;4;1;45;1;1028.48;0.0190605854;0;1;0
124;3180;180.8;17;6;1822;0.0483870968;online data analytic  ;2024;11;11;4;2;46;0;1641.2;0.0389937107;1;0;0
162;4947;233.76;23;6;1973;0.037037037;data analytics course ;2024;11;15;4;6;46;0;1739.24;0.0327471195;0;1;0
119;4480;184.25;20;3;1985;0.025210084;online data analytic  ;2024;11;22;4;6;47;0;1800.75;0.0265625;1;0;0
151;5595;246.66;24;4;1921;0.0264900662;learn data analytics  ;2024;11;29;4;6;48;0;1674.34;0.0269883825;0;0;1
190;4808;199.94;16;6;1454;0.0315789474;data analitics online ;2024;11;3;4;1;45;1;1254.06;0.0395174709;0;0;1
138;3382;204.12;27;7;1386;0.0507246377;learn data analytics  ;2024;11;5;4;3;45;0;1181.88;0.0408042578;0;1;0
100;4643;214.46;16;9;1179;0.09;online data analytic  ;2024;11;3;4;1;45;1;964.54;0.0215377988;0;1;0
187;5400;210;14;7;1945;0.0374331551;analytics for data    ;2024;11;15;4;6;46;0;1735.0;0.0346296296;0;0;1
176;3400;191.5;29;3;1429;0.0170454545;online data analytic  ;2024;11;28;4;5;48;0;1237.5;0.0517647059;1;0;0
117;4223;217.98;28;6;1489;0.0512820513;data anaytics training;2024;11;10;4;1;46;1;1271.02;0.0277054227;1;0;0
196;4480;206.31;24;8;1426;0.0408163265;data analitics online ;2024;11;23;4;7;47;1;1219.69;0.04375;0;1;0
155;3864;222.17;12;3;1407;0.0193548387;data anaytics training;2024;11;21;4;5;47;0;1184.83;0.0401138716;1;0;0
188;3838;240.99;15;3;1951;0.0159574468;data analytics course ;2024;11;10;4;1;46;1;1710.01;0.0489838458;1;0;0
81;5659;222.98;25;4;1654;0.049382716;data analitics online ;2024;11;19;4;3;47;0;1431.02;0.0143134829;0;1;0
125;4794;214.29;28;7;1453;0.056;data analitics online ;2024;11;22;4;6;47;0;1238.71;0.0260742595;0;0;1
158;5214;222.28;21;3;1630;0.0189873418;data analytics course ;2024;11;3;4;1;45;1;1407.72;0.0303030303;0;0;1
133;5762;196.02;10;5;1502;0.037593985;data analytics course ;2024;11;3;4;1;45;1;1305.98;0.0230822631;0;1;0
128;5026;239.88;15;9;1745;0.0703125;analytics for data    ;2024;11;25;4;2;48;0;1505.12;0.0254675686;1;0;0
148;3883;181.4;30;4;1966;0.027027027;analytics for data    ;2024;11;16;4;7;46;1;1784.6;0.0381148596;0;0;1
92;4605;234.69;29;3;1264;0.0326086957;data anaytics training;2024;11;30;4;7;48;1;1029.31;0.0199782845;1;0;0
147;4538;205.83;25;8;1728;0.0544217687;data analytics course ;2024;11;2;4;7;44;1;1522.17;0.0323931247;0;0;1
136;5454;247.7;13;6;1687;0.0441176471;data analitics online ;2024;11;6;4;4;45;0;1439.3;0.0249358269;1;0;0
132;4957;220.43;28;6;1218;0.0454545455;online data analytic  ;2024;11;3;4;1;45;1;997.57;0.0266290095;1;0;0
173;4480;241.61;28;3;1191;0.0173410405;learn data analytics  ;2024;11;13;4;4;46;0;949.39;0.0386160714;0;1;0
85;4747;224.35;26;5;1087;0.0588235294;data analytics course ;2024;11;1;4;6;44;0;862.65;0.0179060459;0;1;0
129;5874;200.17;12;5;1405;0.0387596899;online data analytic  ;2024;11;29;4;6;48;0;1204.83;0.0219611849;0;1;0
181;4730;243.35;16;4;1975;0.0220994475;online data analytic  ;2024;11;20;4;4;47;0;1731.65;0.0382663848;1;0;0
85;5341;249.64;21;6;1388;0.0705882353;online data analytic  ;2024;11;10;4;1;46;1;1138.36;0.0159146227;1;0;0
92;4327;188.6;14;7;1140;0.0760869565;data anaytics training;2024;11;22;4;6;47;0;951.4;0.0212618442;0;1;0
192;4549;180.82;27;4;1847;0.0208333333;data anaytics training;2024;11;9;4;7;45;1;1666.18;0.0422070785;1;0;0
146;4484;194.67;27;9;1234;0.0616438356;data anaytics training;2024;11;2;4;7;44;1;1039.33;0.0325602141;0;1;0
178;4311;205.46;18;4;1671;0.0224719101;analytics for data    ;2024;11;18;4;2;47;0;1465.54;0.041289724;0;1;0
197;3009;233.44;22;9;1374;0.0456852792;analytics for data    ;2024;11;18;4;2;47;0;1140.56;0.0654702559;0;1;0
176;3110;205.23;23;5;1746;0.0284090909;online data analytic  ;2024;11;19;4;3;47;0;1540.77;0.0565916399;0;0;1
98;3365;224.28;27;9;1108;0.0918367347;data anaytics training;2024;11;27;4;4;48;0;883.72;0.0291233284;0;0;1
105;3274;187.89;24;4;1360;0.0380952381;learn data analytics  ;2024;11;9;4;7;45;1;1172.11;0.0320708613;0;0;1
113;3231;210.13;19;10;1234;0.0884955752;online data analytic  ;2024;11;15;4;6;46;0;1023.87;0.0349736924;0;0;1
139;3440;246.53;13;10;1217;0.071942446;online data analytic  ;2024;11;27;4;4;48;0;970.47;0.0404069767;0;1;0
88;5196;197.32;26;5;1438;0.0568181818;online data analytic  ;2024;11;3;4;1;45;1;1240.68;0.0169361047;0;0;1
106;5321;239.76;11;7;1910;0.0660377358;data anaytics training;2024;11;24;4;1;48;1;1670.24;0.0199210675;0;0;1
148;5841;243.09;15;7;1535;0.0472972973;data analitics online ;2024;11;29;4;6;48;0;1291.91;0.025338127;1;0;0
174;4480;227.96;25;5;1566;0.0287356322;online data analytic  ;2024;11;15;4;6;46;0;1338.04;0.0388392857;0;1;0
196;5776;227.24;30;4;1504;0.0204081633;data anaytics training;2024;11;4;4;2;45;0;1276.76;0.033933518;1;0;0
128;4729;243.45;25;9;1782;0.0703125;learn data analytics  ;2024;11;23;4;7;47;1;1538.55;0.0270670332;0;0;1
163;5371;215.89;29;7;1906;0.0429447853;data analytics course ;2024;11;5;4;3;45;0;1690.11;0.0303481661;0;1;0
183;5268;203.65;17;5;1731;0.0273224044;learn data analytics  ;2024;11;12;4;3;46;0;1527.35;0.034738041;1;0;0
196;5386;224.31;23;4;1423;0.0204081633;learn data analytics  ;2024;11;30;4;7;48;1;1198.69;0.0363906424;0;1;0
121;4432;218.71;25;10;1568;0.0826446281;analytics for data    ;2024;11;13;4;4;46;0;1349.29;0.027301444;0;0;1
174;3031;242.32;25;6;1381;0.0344827586;online data analytic  ;2024;11;8;4;6;45;0;1138.68;0.0574067964;1;0;0
142;5999;214.05;27;7;1064;0.0492957746;analytics for data    ;2024;11;21;4;5;47;0;849.95;0.0236706118;0;0;1
118;3274;222.62;10;3;1716;0.0254237288;analytics for data    ;2024;11;9;4;7;45;1;1493.38;0.0360415394;0;1;0
118;5889;193.01;17;10;1789;0.0847457627;online data analytic  ;2024;11;10;4;1;46;1;1595.99;0.0200373578;0;0;1
149;5601;222.01;15;6;1514;0.0402684564;analytics for data    ;2024;11;25;4;2;48;0;1291.99;0.0266023924;0;0;1
127;4295;212.6;26;10;1713;0.0787401575;data analytics course ;2024;11;19;4;3;47;0;1500.4;0.0295692666;0;1;0
195;5135;226.37;17;3;1507;0.0153846154;data anaytics training;2024;11;24;4;1;48;1;1280.63;0.0379746835;0;0;1
173;5233;229.38;28;7;1322;0.0404624277;learn data analytics  ;2024;11;16;4;7;46;1;1092.62;0.0330594305;1;0;0
131;5727;218.65;28;4;1631;0.0305343511;data anaytics training;2024;11;7;4;5;45;0;1412.35;0.0228741051;1;0;0
105;4691;213.15;21;3;1276;0.0285714286;analytics for data    ;2024;11;22;4;6;47;0;1062.85;0.0223832871;0;0;1
104;3409;207.63;19;4;1195;0.0384615385;analytics for data    ;2024;11;16;4;7;46;1;987.37;0.0305074802;1;0;0
139;4333;230.05;19;6;1407;0.0431654676;analytics for data    ;2024;11;21;4;5;47;0;1176.95;0.0320793907;0;0;1
110;4430;197.84;23;5;1504;0.0454545455;learn data analytics  ;2024;11;15;4;6;46;0;1306.16;0.0248306998;1;0;0
193;4860;181.27;14;5;1507;0.0259067358;online data analytic  ;2024;11;16;4;7;46;1;1325.73;0.0397119342;0;0;1
109;4396;188.6;11;10;1451;0.0917431193;data anaytics training;2024;11;18;4;2;47;0;1262.4;0.0247952684;1;0;0
141;5000;223.7;29;10;1909;0.0709219858;data analitics online ;2024;11;12;4;3;46;0;1685.3;0.0282;0;1;0
182;3487;211.71;23;7;1027;0.0384615385;data analitics online ;2024;11;24;4;1;48;1;815.29;0.0521938629;1;0;0
179;4236;245.01;23;7;1822;0.0391061453;learn data analytics  ;2024;11;7;4;5;45;0;1576.99;0.0422568461;1;0;0
89;5349;214;20;8;1371;0.0898876404;data analitics online ;2024;11;28;4;5;48;0;1157.0;0.016638624;0;1;0
181;5678;226.89;22;10;1992;0.0552486188;data anaytics training;2024;11;2;4;7;44;1;1765.11;0.0318774216;0;1;0
85;5247;219.97;15;7;1612;0.0823529412;analytics for data    ;2024;11;20;4;4;47;0;1392.03;0.0161997332;0;0;1
179;3685;202.66;15;7;1634;0.0391061453;data analytics course ;2024;11;18;4;2;47;0;1431.34;0.0485753053;0;0;1
172;5862;202;23;4;1469;0.023255814;online data analytic  ;2024;11;28;4;5;48;0;1267.0;0.0293415217;0;0;1
196;5040;197.08;11;9;1774;0.0459183673;data analytics course ;2024;11;22;4;6;47;0;1576.92;0.0388888889;0;0;1
136;3423;223.95;30;4;1480;0.0294117647;analytics for data    ;2024;11;3;4;1;45;1;1256.05;0.0397312299;0;0;1
135;5981;228.66;26;6;1515;0.0444444444;data anaytics training;2024;11;12;4;3;46;0;1286.34;0.0225714763;0;0;1
97;3495;230.83;16;6;1675;0.0618556701;analytics for data    ;2024;11;23;4;7;47;1;1444.17;0.0277539342;0;1;0
137;3702;215.41;25;9;1010;0.0656934307;learn data analytics  ;2024;11;10;4;1;46;1;794.59;0.0370070232;0;0;1
164;3405;217.58;10;3;1885;0.0182926829;data analitics online ;2024;11;30;4;7;48;1;1667.42;0.048164464;0;0;1
178;3370;180.66;25;9;1830;0.0505617978;online data analytic  ;2024;11;24;4;1;48;1;1649.34;0.0528189911;0;0;1
146;4455;227.13;16;5;1040;0.0342465753;online data analytic  ;2024;11;24;4;1;48;1;812.87;0.0327721661;0;1;0
149;4670;218.31;10;10;1623;0.067114094;analytics for data    ;2024;11;2;4;7;44;1;1404.69;0.0319057816;1;0;0
193;4287;204.62;15;3;1800;0.0155440415;data anaytics training;2024;11;9;4;7;45;1;1595.38;0.0450198274;0;1;0
143;3546;183.41;27;7;1701;0.048951049;data anaytics training;2024;11;28;4;5;48;0;1517.59;0.0403271292;1;0;0
106;4740;229.13;19;3;1149;0.0283018868;online data analytic  ;2024;11;11;4;2;46;0;919.87;0.0223628692;0;0;1
131;5642;184.57;20;9;1827;0.0687022901;data analytics course ;2024;11;16;4;7;46;1;1642.43;0.0232187168;1;0;0
111;4161;185.58;10;7;1434;0.0630630631;data anaytics training;2024;11;4;4;2;45;0;1248.42;0.0266762797;0;0;1
144;4241;181.4;24;5;1693;0.0347222222;online data analytic  ;2024;11;19;4;3;47;0;1511.6;0.0339542561;1;0;0
151;5875;192.46;28;7;1459;0.0463576159;data analitics online ;2024;11;18;4;2;47;0;1266.54;0.0257021277;1;0;0
146;5457;214.29;15;5;1029;0.0342465753;data analytics course ;2024;11;2;4;7;44;1;814.71;0.0267546271;0;0;1
133;4780;198.66;22;4;1905;0.030075188;online data analytic  ;2024;11;9;4;7;45;1;1706.34;0.0278242678;0;1;0
136;5922;239.1;12;3;1733;0.0220588235;data analytics course ;2024;11;6;4;4;45;0;1493.9;0.0229652145;0;0;1
82;3454;228.02;30;7;1463;0.0853658537;learn data analytics  ;2024;11;9;4;7;45;1;1234.98;0.0237405906;0;0;1
135;3449;200.06;17;5;1950;0.037037037;data analytics course ;2024;11;7;4;5;45;0;1749.94;0.0391417802;1;0;0
199;4287;235.58;12;10;1276;0.0502512563;data analytics course ;2024;11;10;4;1;46;1;1040.42;0.0464194075;0;1;0
123;5000;187.67;25;3;1351;0.0243902439;data analitics online ;2024;11;7;4;5;45;0;1163.33;0.0246;0;1;0
154;3437;211.63;28;4;1604;0.025974026;data anaytics training;2024;11;14;4;5;46;0;1392.37;0.0448065173;0;1;0
88;3475;191.96;12;7;1204;0.0795454545;online data analytic  ;2024;11;25;4;2;48;0;1012.04;0.025323741;0;0;1
165;4889;180.19;21;4;1458;0.0242424242;analytics for data    ;2024;11;19;4;3;47;0;1277.81;0.033749233;1;0;0
87;3639;220.76;22;3;1231;0.0344827586;analytics for data    ;2024;11;14;4;5;46;0;1010.24;0.0239076669;1;0;0
147;3959;181.18;27;9;1627;0.0612244898;analytics for data    ;2024;11;26;4;3;48;0;1445.82;0.0371305885;1;0;0
137;5400;180.04;10;10;1375;0.0729927007;analytics for data    ;2024;11;29;4;6;48;0;1194.96;0.0253703704;0;1;0
188;5528;245.03;13;10;1202;0.0531914894;analytics for data    ;2024;11;29;4;6;48;0;956.97;0.0340086831;0;0;1
162;5456;193.69;10;6;1992;0.037037037;online data analytic  ;2024;11;29;4;6;48;0;1798.31;0.0296920821;0;1;0
102;4308;221.54;13;7;1096;0.068627451;data analitics online ;2024;11;8;4;6;45;0;874.46;0.0236768802;1;0;0
120;3245;196.09;15;9;1056;0.075;data anaytics training;2024;11;22;4;6;47;0;859.91;0.0369799692;0;0;1
125;3339;205.32;18;4;1985;0.032;data analytics course ;2024;11;28;4;5;48;0;1779.68;0.0374363582;0;0;1
155;5977;187.28;16;7;1607;0.0451612903;online data analytic  ;2024;11;10;4;1;46;1;1419.72;0.0259327422;0;0;1
137;4231;226.49;25;5;1078;0.0364963504;analytics for data    ;2024;11;12;4;3;46;0;851.51;0.032380052;0;1;0
91;4506;195.99;12;3;1179;0.032967033;learn data analytics  ;2024;11;22;4;6;47;0;983.01;0.0201952952;0;1;0
87;4869;220.97;29;5;1480;0.0574712644;data anaytics training;2024;11;5;4;3;45;0;1259.03;0.0178681454;0;0;1
124;5716;217.84;28;8;1791;0.064516129;data anaytics training;2024;11;24;4;1;48;1;1573.16;0.021693492;1;0;0
128;3243;208.41;14;6;1514;0.046875;online data analytic  ;2024;11;2;4;7;44;1;1305.59;0.0394696269;1;0;0
111;3911;239.24;28;9;1097;0.0810810811;online data analytic  ;2024;11;1;4;6;44;0;857.76;0.0283814881;0;1;0
89;3982;209.87;27;7;1920;0.0786516854;data analytics course ;2024;11;4;4;2;45;0;1710.13;0.0223505776;0;0;1
107;5299;207.36;19;8;1567;0.0747663551;data anaytics training;2024;11;26;4;3;48;0;1359.64;0.0201924891;0;1;0
181;4150;236.69;15;5;1251;0.0276243094;data analitics online ;2024;11;10;4;1;46;1;1014.31;0.0436144578;1;0;0
110;5925;188.18;29;9;1682;0.0818181818;data anaytics training;2024;11;23;4;7;47;1;1493.82;0.0185654008;0;0;1
85;4010;195.26;17;4;1853;0.0470588235;data analitics online ;2024;11;6;4;4;45;0;1657.74;0.0211970075;1;0;0
125;5767;214;12;8;1020;0.064;data analitics online ;2024;11;19;4;3;47;0;806.0;0.0216750477;0;1;0
163;4480;214;11;3;1819;0.018404908;data anaytics training;2024;11;20;4;4;47;0;1605.0;0.0363839286;0;1;0
129;3787;229.81;10;6;1221;0.0465116279;online data analytic  ;2024;11;13;4;4;46;0;991.19;0.0340639028;0;0;1
112;4834;212.27;11;7;1524;0.0625;data analitics online ;2024;11;27;4;4;48;0;1311.73;0.023169218;1;0;0
104;3031;188.47;13;6;1998;0.0576923077;data anaytics training;2024;11;5;4;3;45;0;1809.53;0.0343121082;0;0;1
132;3754;180.88;21;10;1601;0.0757575758;online data analytic  ;2024;11;24;4;1;48;1;1420.12;0.0351624933;1;0;0
113;3281;241.85;16;6;1502;0.0530973451;data analitics online ;2024;11;8;4;6;45;0;1260.15;0.0344407193;0;1;0
109;4910;236.2;20;8;1145;0.0733944954;data anaytics training;2024;11;8;4;6;45;0;908.8;0.0221995927;0;1;0
144;5026;231.82;14;4;1645;0.0277777778;data analytics course ;2024;11;10;4;1;46;1;1413.18;0.0286510147;0;0;1
179;5091;238.62;10;6;1259;0.0335195531;learn data analytics  ;2024;11;24;4;1;48;1;1020.38;0.0351600864;1;0;0
143;5622;190.87;14;8;1400;0.0559440559;analytics for data    ;2024;11;17;4;1;47;1;1209.13;0.025435788;1;0;0
116;4538;221.74;23;9;1639;0.0775862069;data anaytics training;2024;11;24;4;1;48;1;1417.26;0.0255619216;0;0;1
89;3509;192.14;27;9;1564;0.1011235955;online data analytic  ;2024;11;12;4;3;46;0;1371.86;0.0253633514;1;0;0
96;3346;248.48;15;7;1118;0.0729166667;data analitics online ;2024;11;28;4;5;48;0;869.52;0.0286909743;0;0;1
193;4706;213.41;24;8;1058;0.0414507772;data analytics course ;2024;11;9;4;7;45;1;844.59;0.0410114747;0;0;1
122;3896;194.3;23;3;1355;0.0245901639;data analytics course ;2024;11;21;4;5;47;0;1160.7;0.0313141684;1;0;0
133;3332;201.59;14;7;1943;0.0526315789;data analytics course ;2024;11;15;4;6;46;0;1741.41;0.0399159664;0;1;0
177;5738;249.21;11;7;1435;0.0395480226;data anaytics training;2024;11;16;4;7;46;1;1185.79;0.030846985;1;0;0
162;5346;223.12;25;5;1052;0.0308641975;data analytics course ;2024;11;28;4;5;48;0;828.88;0.0303030303;0;0;1
182;5857;192.69;15;4;1384;0.021978022;data analytics course ;2024;11;2;4;7;44;1;1191.31;0.0310739286;0;0;1
154;4836;233.8;26;10;1838;0.0649350649;data analytics course ;2024;11;30;4;7;48;1;1604.2;0.0318444996;0;0;1
104;5291;186.93;19;10;1805;0.0961538462;data analytics course ;2024;11;29;4;6;48;0;1618.07;0.0196560197;0;1;0
101;4840;230.68;21;9;1556;0.0891089109;data anaytics training;2024;11;22;4;6;47;0;1325.32;0.0208677686;0;0;1
173;4246;202.95;27;3;1276;0.0173410405;learn data analytics  ;2024;11;29;4;6;48;0;1073.05;0.0407442299;0;1;0
186;5824;224.48;29;6;1882;0.0322580645;data analitics online ;2024;11;28;4;5;48;0;1657.52;0.0319368132;1;0;0
148;5952;186.32;14;4;1469;0.027027027;data analytics course ;2024;11;10;4;1;46;1;1282.68;0.0248655914;1;0;0
181;3691;229.14;25;10;1375;0.0552486188;analytics for data    ;2024;11;6;4;4;45;0;1145.86;0.049038201;1;0;0
110;4350;243.88;16;9;1157;0.0818181818;online data analytic  ;2024;11;15;4;6;46;0;913.12;0.0252873563;0;1;0
151;5656;191.95;18;7;1813;0.0463576159;data analitics online ;2024;11;2;4;7;44;1;1621.05;0.0266973126;1;0;0
90;4566;228.82;29;9;1697;0.1;data anaytics training;2024;11;13;4;4;46;0;1468.18;0.0197109067;0;0;1
111;4245;245.76;22;8;1507;0.0720720721;online data analytic  ;2024;11;7;4;5;45;0;1261.24;0.0261484099;0;0;1
170;5053;217.41;16;9;1497;0.0529411765;data anaytics training;2024;11;17;4;1;47;1;1279.59;0.0336433802;1;0;0
112;5093;228.8;23;7;1188;0.0625;analytics for data    ;2024;11;17;4;1;47;1;959.2;0.021990968;0;0;1
188;5336;188.73;17;3;1601;0.0159574468;online data analytic  ;2024;11;3;4;1;45;1;1412.27;0.0352323838;0;1;0
85;4963;186.21;14;6;1747;0.0705882353;data analytics course ;2024;11;5;4;3;45;0;1560.79;0.0171267379;1;0;0
94;4544;235.77;23;8;1342;0.085106383;online data analytic  ;2024;11;5;4;3;45;0;1106.23;0.0206866197;0;1;0
177;4901;217.54;20;10;1975;0.0564971751;data analitics online ;2024;11;13;4;4;46;0;1757.46;0.0361150786;0;1;0
150;5275;192.7;14;4;1170;0.0266666667;data analitics online ;2024;11;27;4;4;48;0;977.3;0.028436019;0;1;0
88;5225;202.97;22;6;1128;0.0681818182;online data analytic  ;2024;11;13;4;4;46;0;925.03;0.0168421053;0;1;0
128;4857;212.61;14;5;1538;0.0390625;data analitics online ;2024;11;25;4;2;48;0;1325.39;0.0263537163;0;0;1
163;5310;242.76;26;9;1793;0.0552147239;learn data analytics  ;2024;11;12;4;3;46;0;1550.24;0.0306967985;1;0;0
147;5014;193.08;12;8;1017;0.0544217687;online data analytic  ;2024;11;11;4;2;46;0;823.92;0.0293179099;0;1;0
191;5855;196.54;29;3;1085;0.0157068063;data analytics course ;2024;11;21;4;5;47;0;888.46;0.0326216909;0;0;1
136;5916;234.46;17;6;1982;0.0441176471;data analytics course ;2024;11;2;4;7;44;1;1747.54;0.0229885057;0;0;1
115;3952;229.18;25;4;1440;0.0347826087;online data analytic  ;2024;11;20;4;4;47;0;1210.82;0.0290991903;0;1;0
123;4208;212.92;29;6;1184;0.0487804878;learn data analytics  ;2024;11;5;4;3;45;0;971.08;0.029230038;0;0;1
121;5517;222.14;16;7;1682;0.0578512397;learn data analytics  ;2024;11;2;4;7;44;1;1459.86;0.0219322095;0;1;0
126;5460;210.83;24;10;1326;0.0793650794;online data analytic  ;2024;11;14;4;5;46;0;1115.17;0.0230769231;0;1;0
110;3159;197.92;26;10;1608;0.0909090909;data analitics online ;2024;11;18;4;2;47;0;1410.08;0.0348211459;1;0;0
190;5545;223.96;13;7;1344;0.0368421053;analytics for data    ;2024;11;14;4;5;46;0;1120.04;0.0342651037;0;1;0
148;3668;245.79;15;10;1718;0.0675675676;data analytics course ;2024;11;25;4;2;48;0;1472.21;0.040348964;0;0;1
86;5663;231.79;19;10;1547;0.1162790698;data anaytics training;2024;11;17;4;1;47;1;1315.21;0.015186297;1;0;0
172;3123;216.67;15;7;1759;0.0406976744;online data analytic  ;2024;11;2;4;7;44;1;1542.33;0.0550752482;0;0;1
143;5638;229.41;23;4;1398;0.027972028;online data analytic  ;2024;11;3;4;1;45;1;1168.59;0.0253636041;0;0;1
172;4436;232.16;21;7;1050;0.0406976744;learn data analytics  ;2024;11;27;4;4;48;0;817.84;0.03877367;1;0;0
138;5555;188.55;14;8;1593;0.0579710145;data anaytics training;2024;11;24;4;1;48;1;1404.45;0.0248424842;0;0;1
132;4972;248.45;25;9;1126;0.0681818182;data analitics online ;2024;11;19;4;3;47;0;877.55;0.0265486726;0;1;0
174;3231;217.98;10;7;1128;0.0402298851;data analytics course ;2024;11;12;4;3;46;0;910.02;0.0538532962;1;0;0
154;3461;235.36;18;4;1212;0.025974026;data analitics online ;2024;11;18;4;2;47;0;976.64;0.0444958105;0;1;0
126;3423;236.21;25;9;1106;0.0714285714;data anaytics training;2024;11;20;4;4;47;0;869.79;0.036809816;0;1;0
138;4025;220.96;21;7;1416;0.0507246377;data analitics online ;2024;11;24;4;1;48;1;1195.04;0.0342857143;0;1;0
193;3800;199.76;27;9;1393;0.0466321244;data analytics course ;2024;11;17;4;1;47;1;1193.24;0.0507894737;1;0;0
156;5293;210.43;26;6;1449;0.0384615385;data analytics course ;2024;11;28;4;5;48;0;1238.57;0.0294728887;0;1;0
142;3565;180.39;26;5;1147;0.0352112676;data anaytics training;2024;11;1;4;6;44;0;966.61;0.0398316971;0;1;0
92;4296;239.12;11;10;1169;0.1086956522;data anaytics training;2024;11;2;4;7;44;1;929.88;0.02141527;0;1;0
190;3567;249.26;20;7;1517;0.0368421053;data analitics online ;2024;11;26;4;3;48;0;1267.74;0.0532660499;0;0;1
134;4854;198.93;21;8;1101;0.0597014925;analytics for data    ;2024;11;3;4;1;45;1;902.07;0.0276060981;0;0;1
144;4549;186.47;29;8;1437;0.0555555556;data analytics course ;2024;11;29;4;6;48;0;1250.53;0.0316553089;1;0;0
117;4630;196.66;15;8;1361;0.0683760684;online data analytic  ;2024;11;17;4;1;47;1;1164.34;0.0252699784;0;0;1
160;3448;210.38;19;7;1705;0.04375;data analytics course ;2024;11;14;4;5;46;0;1494.62;0.0464037123;0;0;1
146;5297;198.89;30;8;2000;0.0547945205;data anaytics training;2024;11;2;4;7;44;1;1801.11;0.0275627714;0;0;1
175;3818;190.89;30;10;1088;0.0571428571;data analitics online ;2024;11;10;4;1;46;1;897.11;0.045835516;0;1;0
122;4791;223.16;12;4;1246;0.0327868852;learn data analytics  ;2024;11;5;4;3;45;0;1022.84;0.0254644124;0;1;0
85;3713;225.74;23;5;1867;0.0588235294;data analitics online ;2024;11;24;4;1;48;1;1641.26;0.0228925397;0;1;0
167;3634;202.75;30;10;1503;0.0598802395;data anaytics training;2024;11;23;4;7;47;1;1300.25;0.0459548707;0;0;1
158;3025;180.5;24;9;1725;0.0569620253;data anaytics training;2024;11;26;4;3;48;0;1544.5;0.052231405;0;1;0
176;5868;184.46;20;4;1229;0.0227272727;data analytics course ;2024;11;20;4;4;47;0;1044.54;0.0299931834;0;0;1
111;3050;208.87;10;7;1774;0.0630630631;analytics for data    ;2024;11;26;4;3;48;0;1565.13;0.0363934426;0;1;0
186;5301;214.29;14;9;1230;0.0483870968;learn data analytics  ;2024;11;17;4;1;47;1;1015.71;0.0350877193;0;0;1
177;3042;239.64;26;4;1646;0.0225988701;data analytics course ;2024;11;20;4;4;47;0;1406.36;0.0581854043;1;0;0
150;5272;239.06;13;9;1232;0.06;online data analytic  ;2024;11;1;4;6;44;0;992.94;0.0284522003;0;0;1
160;4279;191.56;22;10;1234;0.0625;data analytics course ;2024;11;12;4;3;46;0;1042.44;0.037391914;1;0;0
147;5659;188.07;22;4;1796;0.0272108844;analytics for data    ;2024;11;25;4;2;48;0;1607.93;0.0259763209;1;0;0
198;4816;224.96;21;4;1601;0.0202020202;online data analytic  ;2024;11;5;4;3;45;0;1376.04;0.0411129568;1;0;0
145;3874;217.98;10;10;1153;0.0689655172;data anaytics training;2024;11;30;4;7;48;1;935.02;0.0374290139;1;0;0
94;5221;225.23;17;3;1209;0.0319148936;learn data analytics  ;2024;11;19;4;3;47;0;983.77;0.0180042138;0;1;0
90;5859;187.29;17;5;1375;0.0555555556;analytics for data    ;2024;11;16;4;7;46;1;1187.71;0.0153609831;1;0;0
182;5055;232.64;26;8;1815;0.043956044;data anaytics training;2024;11;10;4;1;46;1;1582.36;0.0360039565;1;0;0
136;4373;199.32;16;5;1150;0.0367647059;data anaytics training;2024;11;2;4;7;44;1;950.68;0.0310999314;0;0;1
136;4538;234.85;11;8;1398;0.0588235294;data anaytics training;2024;11;4;4;2;45;0;1163.15;0.0299691494;0;0;1
103;3547;232.35;11;8;1663;0.0776699029;learn data analytics  ;2024;11;26;4;3;48;0;1430.65;0.0290386242;0;1;0
148;3128;197.02;27;9;1214;0.0608108108;data anaytics training;2024;11;12;4;3;46;0;1016.98;0.047314578;0;1;0
151;5201;198.56;15;10;1716;0.0662251656;data anaytics training;2024;11;5;4;3;45;0;1517.44;0.0290328783;0;1;0
148;5510;210.42;27;4;1352;0.027027027;learn data analytics  ;2024;11;6;4;4;45;0;1141.58;0.0268602541;1;0;0
103;5628;195.6;24;8;1065;0.0776699029;analytics for data    ;2024;11;9;4;7;45;1;869.4;0.0183013504;1;0;0
115;5445;183.55;21;7;1721;0.0608695652;data analytics course ;2024;11;7;4;5;45;0;1537.45;0.0211202938;0;1;0
160;5936;239.87;29;4;1320;0.025;analytics for data    ;2024;11;24;4;1;48;1;1080.13;0.0269541779;1;0;0
166;5808;194.79;14;8;1799;0.0481927711;data anaytics training;2024;11;14;4;5;46;0;1604.21;0.0285812672;0;1;0
187;3282;234.91;10;7;1525;0.0374331551;online data analytic  ;2024;11;29;4;6;48;0;1290.09;0.0569774528;1;0;0
172;3334;243.12;30;9;1504;0.0523255814;online data analytic  ;2024;11;8;4;6;45;0;1260.88;0.0515896821;1;0;0
172;5546;241.81;24;10;1681;0.0581395349;learn data analytics  ;2024;11;3;4;1;45;1;1439.19;0.0310133429;0;0;1
187;5734;187.44;10;8;1183;0.0427807487;analytics for data    ;2024;11;23;4;7;47;1;995.56;0.0326124869;0;1;0
196;4964;249.47;26;9;1996;0.0459183673;learn data analytics  ;2024;11;19;4;3;47;0;1746.53;0.0394842869;1;0;0
131;4774;240.53;24;7;1502;0.0534351145;data anaytics training;2024;11;9;4;7;45;1;1261.47;0.0274403016;0;1;0
103;5244;205.9;22;7;1954;0.067961165;analytics for data    ;2024;11;16;4;7;46;1;1748.1;0.019641495;1;0;0
114;3064;196.01;23;6;1348;0.0526315789;learn data analytics  ;2024;11;30;4;7;48;1;1151.99;0.0372062663;1;0;0
116;3265;199.21;24;10;1006;0.0862068966;learn data analytics  ;2024;11;21;4;5;47;0;806.79;0.0355283308;1;0;0
164;5351;217.9;10;9;1431;0.0548780488;online data analytic  ;2024;11;12;4;3;46;0;1213.1;0.0306484769;0;1;0
160;5830;217.98;15;10;1270;0.0625;online data analytic  ;2024;11;26;4;3;48;0;1052.02;0.0274442539;1;0;0
112;4808;221.57;17;7;1186;0.0625;data analitics online ;2024;11;25;4;2;48;0;964.43;0.0232945092;0;0;1
87;5506;188.77;11;5;1774;0.0574712644;learn data analytics  ;2024;11;22;4;6;47;0;1585.23;0.0158009444;1;0;0
143;4798;198.45;20;10;1937;0.0699300699;data anaytics training;2024;11;14;4;5;46;0;1738.55;0.029804085;1;0;0
139;5763;214.49;15;5;1781;0.035971223;data analitics online ;2024;11;1;4;6;44;0;1566.51;0.0241193823;0;0;1
193;3271;187.76;30;9;1209;0.0466321244;online data analytic  ;2024;11;13;4;4;46;0;1021.24;0.0590033629;0;1;0
151;4402;248.65;21;4;1722;0.0264900662;data analitics online ;2024;11;19;4;3;47;0;1473.35;0.0343025897;0;0;1
90;4281;216.36;24;4;1768;0.0444444444;learn data analytics  ;2024;11;4;4;2;45;0;1551.64;0.0210231254;1;0;0
169;4480;214;11;10;1769;0.0591715976;online data analytic  ;2024;11;28;4;5;48;0;1555.0;0.0377232143;0;1;0
197;4373;218.3;18;9;1988;0.0456852792;learn data analytics  ;2024;11;14;4;5;46;0;1769.7;0.0450491653;0;0;1
132;4538;219.44;17;3;1949;0.0227272727;learn data analytics  ;2024;11;24;4;1;48;1;1729.56;0.0290877038;0;0;1
96;5503;243.51;11;6;1687;0.0625;data analitics online ;2024;11;2;4;7;44;1;1443.49;0.01744503;0;0;1
160;4154;230.16;15;6;1667;0.0375;online data analytic  ;2024;11;16;4;7;46;1;1436.84;0.038517092;1;0;0
162;5161;240.72;16;7;1649;0.0432098765;learn data analytics  ;2024;11;15;4;6;46;0;1408.28;0.0313892656;0;1;0
171;5517;233.86;23;5;1349;0.0292397661;data analytics course ;2024;11;24;4;1;48;1;1115.14;0.030995106;0;1;0
110;4161;204.28;16;10;1447;0.0909090909;data analitics online ;2024;11;14;4;5;46;0;1242.72;0.0264359529;1;0;0
103;5332;243.72;16;3;1882;0.0291262136;online data analytic  ;2024;11;28;4;5;48;0;1638.28;0.0193173293;0;0;1
167;3620;243.81;24;8;1001;0.0479041916;data analytics course ;2024;11;5;4;3;45;0;757.19;0.0461325967;0;0;1
132;4117;239.04;28;3;1761;0.0227272727;analytics for data    ;2024;11;7;4;5;45;0;1521.96;0.0320621812;1;0;0
145;5400;219.89;29;3;1152;0.0206896552;data analytics course ;2024;11;20;4;4;47;0;932.11;0.0268518519;0;1;0
140;5220;183.39;25;8;1918;0.0571428571;learn data analytics  ;2024;11;11;4;2;46;0;1734.61;0.0268199234;0;0;1
122;4480;217.66;25;10;1799;0.0819672131;data analitics online ;2024;11;26;4;3;48;0;1581.34;0.0272321429;0;1;0
87;4081;180.63;20;4;1665;0.0459770115;data analitics online ;2024;11;8;4;6;45;0;1484.37;0.0213183043;0;1;0
141;4239;199.82;15;5;1639;0.0354609929;data anaytics training;2024;11;27;4;4;48;0;1439.18;0.0332625619;1;0;0
157;3367;248.9;20;8;1470;0.050955414;data anaytics training;2024;11;30;4;7;48;1;1221.1;0.0466290466;0;1;0
95;5721;208.53;16;6;1863;0.0631578947;data analytics course ;2024;11;5;4;3;45;0;1654.47;0.0166054886;1;0;0
160;5166;210.21;20;7;1850;0.04375;data analytics course ;2024;11;21;4;5;47;0;1639.79;0.0309717383;0;0;1
133;5430;217.34;16;6;1199;0.045112782;data analitics online ;2024;11;14;4;5;46;0;981.66;0.0244935543;1;0;0
154;3452;215.61;21;7;1631;0.0454545455;analytics for data    ;2024;11;2;4;7;44;1;1415.39;0.0446118192;1;0;0
188;4480;220.11;13;4;1262;0.0212765957;data analitics online ;2024;11;29;4;6;48;0;1041.89;0.0419642857;0;1;0
186;5073;233.58;15;4;1965;0.0215053763;online data analytic  ;2024;11;4;4;2;45;0;1731.42;0.0366646954;0;1;0
101;5757;249.33;25;9;1129;0.0891089109;learn data analytics  ;2024;11;1;4;6;44;0;879.67;0.0175438596;1;0;0
150;3323;227.55;14;4;1931;0.0266666667;data analytics course ;2024;11;18;4;2;47;0;1703.45;0.0451399338;1;0;0
127;5417;229.06;26;8;1086;0.062992126;learn data analytics  ;2024;11;21;4;5;47;0;856.94;0.0234447111;0;1;0
117;5445;213.9;10;5;1804;0.0427350427;data analytics course ;2024;11;19;4;3;47;0;1590.1;0.0214876033;0;0;1
152;5173;230.47;15;5;1779;0.0328947368;learn data analytics  ;2024;11;26;4;3;48;0;1548.53;0.0293833366;0;0;1
87;3643;220.76;27;7;1393;0.0804597701;data analitics online ;2024;11;3;4;1;45;1;1172.24;0.0238814164;0;0;1
181;3863;180.12;17;7;1892;0.0386740331;data analytics course ;2024;11;28;4;5;48;0;1711.88;0.0468547761;0;0;1
147;3661;191.67;17;4;1507;0.0272108844;online data analytic  ;2024;11;24;4;1;48;1;1315.33;0.0401529637;0;0;1
173;5463;232.38;17;5;1568;0.0289017341;analytics for data    ;2024;11;26;4;3;48;0;1335.62;0.0316675819;0;0;1
123;3459;211.88;21;4;1223;0.0325203252;learn data analytics  ;2024;11;24;4;1;48;1;1011.12;0.0355594102;0;1;0
162;3906;237.24;13;5;1062;0.0308641975;data anaytics training;2024;11;10;4;1;46;1;824.76;0.0414746544;0;0;1
135;4645;182.94;12;7;1927;0.0518518519;online data analytic  ;2024;11;30;4;7;48;1;1744.06;0.0290635091;0;0;1
169;3317;232.35;29;3;1988;0.0177514793;data anaytics training;2024;11;24;4;1;48;1;1755.65;0.0509496533;1;0;0
120;3235;220.67;11;4;1890;0.0333333333;learn data analytics  ;2024;11;17;4;1;47;1;1669.33;0.0370942813;1;0;0
143;4823;234.73;30;5;1361;0.034965035;data anaytics training;2024;11;25;4;2;48;0;1126.27;0.0296495957;1;0;0
167;4403;189.36;25;4;1572;0.0239520958;learn data analytics  ;2024;11;6;4;4;45;0;1382.64;0.037928685;0;0;1
101;3530;184.83;22;5;1802;0.0495049505;learn data analytics  ;2024;11;13;4;4;46;0;1617.17;0.028611898;1;0;0
129;4679;239.21;19;3;1215;0.023255814;data analitics online ;2024;11;4;4;2;45;0;975.79;0.0275699936;1;0;0
153;5396;233.79;13;8;1571;0.0522875817;data anaytics training;2024;11;1;4;6;44;0;1337.21;0.0283543365;1;0;0
143;3976;248.65;16;4;1160;0.027972028;data anaytics training;2024;11;15;4;6;46;0;911.35;0.0359657948;1;0;0
108;5545;209.82;11;8;1491;0.0740740741;analytics for data    ;2024;11;8;4;6;45;0;1281.18;0.0194770063;1;0;0
85;4772;211.62;15;10;1669;0.1176470588;learn data analytics  ;2024;11;19;4;3;47;0;1457.38;0.0178122381;1;0;0
109;4941;242.54;18;9;1278;0.0825688073;data anaytics training;2024;11;11;4;2;46;0;1035.46;0.0220603117;0;0;1
119;4369;216.29;16;4;1502;0.0336134454;learn data analytics  ;2024;11;22;4;6;47;0;1285.71;0.0272373541;0;1;0
143;5526;185.94;15;8;1712;0.0559440559;analytics for data    ;2024;11;25;4;2;48;0;1526.06;0.0258776692;0;0;1
161;5302;184.29;13;8;1703;0.049689441;learn data analytics  ;2024;11;30;4;7;48;1;1518.71;0.0303658997;0;1;0
146;4424;196.88;20;3;1757;0.0205479452;online data analytic  ;2024;11;30;4;7;48;1;1560.12;0.0330018083;0;1;0
82;5971;235.52;14;8;1568;0.0975609756;learn data analytics  ;2024;11;6;4;4;45;0;1332.48;0.013733043;1;0;0
88;3733;244.35;12;8;1622;0.0909090909;online data analytic  ;2024;11;27;4;4;48;0;1377.65;0.0235735334;1;0;0
127;4403;244.3;15;7;1832;0.0551181102;data analytics course ;2024;11;22;4;6;47;0;1587.7;0.02884397;0;1;0
179;5118;189.59;15;6;1892;0.0335195531;data analytics course ;2024;11;28;4;5;48;0;1702.41;0.0349745995;0;1;0
199;4407;240.05;21;9;1054;0.0452261307;data analitics online ;2024;11;13;4;4;46;0;813.95;0.0451554345;0;0;1
191;3190;211.1;10;7;1502;0.0366492147;learn data analytics  ;2024;11;22;4;6;47;0;1290.9;0.0598746082;0;1;0
99;4880;245.13;25;8;1236;0.0808080808;data analytics course ;2024;11;19;4;3;47;0;990.87;0.0202868852;0;1;0
122;5774;224.4;23;10;1330;0.0819672131;learn data analytics  ;2024;11;14;4;5;46;0;1105.6;0.0211291999;1;0;0
178;4103;207.23;17;8;1612;0.0449438202;analytics for data    ;2024;11;15;4;6;46;0;1404.77;0.0433828906;1;0;0
157;4414;240.57;17;9;1483;0.0573248408;learn data analytics  ;2024;11;27;4;4;48;0;1242.43;0.0355686452;0;0;1
199;5319;216.7;25;9;1507;0.0452261307;online data analytic  ;2024;11;1;4;6;44;0;1290.3;0.0374130476;0;0;1
192;3320;208.09;17;3;1169;0.015625;data anaytics training;2024;11;18;4;2;47;0;960.91;0.0578313253;1;0;0
144;4146;246.1;18;10;1074;0.0694444444;analytics for data    ;2024;11;15;4;6;46;0;827.9;0.0347322721;0;0;1
147;4720;227.6;23;8;1907;0.0544217687;online data analytic  ;2024;11;5;4;3;45;0;1679.4;0.0311440678;0;1;0
121;3557;237.03;16;7;1255;0.0578512397;data analitics online ;2024;11;25;4;2;48;0;1017.97;0.0340174304;1;0;0
193;5899;227.24;12;9;1832;0.0466321244;analytics for data    ;2024;11;2;4;7;44;1;1604.76;0.0327174097;0;0;1
170;4968;216.78;21;5;1997;0.0294117647;data analytics course ;2024;11;24;4;1;48;1;1780.22;0.0342190016;0;1;0
198;5934;199.61;14;6;1502;0.0303030303;learn data analytics  ;2024;11;13;4;4;46;0;1302.39;0.0333670374;0;1;0
133;4078;189.42;21;6;1969;0.045112782;data analitics online ;2024;11;21;4;5;47;0;1779.58;0.0326140265;0;0;1
82;4163;208.08;30;8;1297;0.0975609756;data analytics course ;2024;11;4;4;2;45;0;1088.92;0.0196973337;1;0;0
90;4330;249.24;20;4;1618;0.0444444444;data anaytics training;2024;11;15;4;6;46;0;1368.76;0.0207852194;0;1;0
122;5882;189.76;25;7;1357;0.0573770492;analytics for data    ;2024;11;25;4;2;48;0;1167.24;0.0207412445;0;1;0
105;5645;218.24;17;6;1420;0.0571428571;online data analytic  ;2024;11;2;4;7;44;1;1201.76;0.0186005314;1;0;0
179;3848;213.26;12;5;1807;0.0279329609;data analytics course ;2024;11;29;4;6;48;0;1593.74;0.0465176715;0;0;1
91;5609;228.27;12;10;1098;0.1098901099;analytics for data    ;2024;11;11;4;2;46;0;869.73;0.0162239258;0;0;1
168;4390;195.52;22;10;1553;0.0595238095;data analytics course ;2024;11;4;4;2;45;0;1357.48;0.0382687927;0;0;1
162;4774;210.8;20;7;1387;0.0432098765;analytics for data    ;2024;11;29;4;6;48;0;1176.2;0.0339338081;0;1;0
130;5787;218.79;13;10;1679;0.0769230769;online data analytic  ;2024;11;9;4;7;45;1;1460.21;0.0224641438;1;0;0
97;5192;184.79;13;10;1382;0.1030927835;learn data analytics  ;2024;11;5;4;3;45;0;1197.21;0.0186825886;1;0;0
142;4223;222.28;27;5;1506;0.0352112676;learn data analytics  ;2024;11;7;4;5;45;0;1283.72;0.0336253848;0;0;1
138;3146;197.89;22;7;1507;0.0507246377;learn data analytics  ;2024;11;8;4;6;45;0;1309.11;0.0438652257;0;0;1
186;3988;237.69;15;5;1603;0.0268817204;data analytics course ;2024;11;14;4;5;46;0;1365.31;0.0466399198;0;1;0
170;3437;232.08;23;5;1405;0.0294117647;learn data analytics  ;2024;11;29;4;6;48;0;1172.92;0.0494617399;1;0;0
85;3718;224.14;21;6;1938;0.0705882353;online data analytic  ;2024;11;4;4;2;45;0;1713.86;0.0228617536;0;0;1
115;5343;239.92;20;8;1381;0.0695652174;learn data analytics  ;2024;11;15;4;6;46;0;1141.08;0.0215234887;0;0;1
167;5170;241.21;24;4;1515;0.0239520958;data analytics course ;2024;11;21;4;5;47;0;1273.79;0.0323017408;1;0;0
113;5916;234.58;18;5;1165;0.0442477876;data analytics course ;2024;11;12;4;3;46;0;930.42;0.0191007437;1;0;0
175;4958;245.96;22;10;1777;0.0571428571;online data analytic  ;2024;11;21;4;5;47;0;1531.04;0.0352964905;1;0;0
112;5538;225.66;22;4;1507;0.0357142857;online data analytic  ;2024;11;22;4;6;47;0;1281.34;0.0202239075;0;0;1
194;5309;191.4;19;10;1764;0.0515463918;data anaytics training;2024;11;13;4;4;46;0;1572.6;0.0365417216;0;0;1
143;4539;244.4;18;6;1638;0.041958042;analytics for data    ;2024;11;28;4;5;48;0;1393.6;0.0315047367;1;0;0
82;4622;203.99;17;9;1375;0.1097560976;online data analytic  ;2024;11;12;4;3;46;0;1171.01;0.0177412376;1;0;0
143;3355;193.57;26;9;1961;0.0629370629;learn data analytics  ;2024;11;11;4;2;46;0;1767.43;0.0426229508;1;0;0
179;4992;221.48;27;10;1062;0.0558659218;learn data analytics  ;2024;11;6;4;4;45;0;840.52;0.0358573718;0;1;0
93;3015;232.01;21;4;1770;0.0430107527;learn data analytics  ;2024;11;26;4;3;48;0;1537.99;0.0308457711;1;0;0
152;4662;249.13;24;7;1951;0.0460526316;online data analytic  ;2024;11;11;4;2;46;0;1701.87;0.0326040326;0;0;1
81;3766;213.12;27;7;1183;0.0864197531;online data analytic  ;2024;11;27;4;4;48;0;969.88;0.0215082315;0;0;1
130;5774;241.97;11;7;1708;0.0538461538;data analytics course ;2024;11;20;4;4;47;0;1466.03;0.0225147212;0;0;1
110;4542;227.95;20;4;1423;0.0363636364;data anaytics training;2024;11;11;4;2;46;0;1195.05;0.024218406;0;0;1
122;5179;214;11;4;1507;0.0327868852;analytics for data    ;2024;11;18;4;2;47;0;1293.0;0.0235566712;0;1;0
113;5265;184.21;27;5;1353;0.0442477876;data analitics online ;2024;11;20;4;4;47;0;1168.79;0.0214624881;0;1;0
140;5297;223.9;28;6;1630;0.0428571429;data analytics course ;2024;11;21;4;5;47;0;1406.1;0.0264300547;1;0;0
170;3347;248.44;27;3;1719;0.0176470588;learn data analytics  ;2024;11;20;4;4;47;0;1470.56;0.0507917538;0;0;1
176;5960;245.33;19;8;1761;0.0454545455;analytics for data    ;2024;11;25;4;2;48;0;1515.67;0.0295302013;0;1;0
143;5143;246.3;19;5;1346;0.034965035;data anaytics training;2024;11;5;4;3;45;0;1099.7;0.0278047832;1;0;0
195;5265;242;10;4;1699;0.0205128205;online data analytic  ;2024;11;8;4;6;45;0;1457.0;0.037037037;0;1;0
162;4396;183.96;18;4;1054;0.024691358;data analitics online ;2024;11;18;4;2;47;0;870.04;0.0368516833;0;1;0
138;4381;191.55;28;7;1756;0.0507246377;data anaytics training;2024;11;1;4;6;44;0;1564.45;0.0314996576;0;1;0
177;3965;225.82;15;4;1530;0.0225988701;online data analytic  ;2024;11;22;4;6;47;0;1304.18;0.0446406053;1;0;0
159;3366;217.27;21;7;1515;0.0440251572;online data analytic  ;2024;11;17;4;1;47;1;1297.73;0.0472370766;0;1;0
111;4026;229.01;13;3;1438;0.027027027;learn data analytics  ;2024;11;1;4;6;44;0;1208.99;0.0275707899;0;0;1
184;5560;189.14;14;6;1250;0.0326086957;data analitics online ;2024;11;17;4;1;47;1;1060.86;0.0330935252;0;1;0
128;4500;188.21;10;3;1087;0.0234375;online data analytic  ;2024;11;14;4;5;46;0;898.79;0.0284444444;0;0;1
164;3851;219.15;22;6;1487;0.0365853659;learn data analytics  ;2024;11;9;4;7;45;1;1267.85;0.0425863412;1;0;0
120;3464;228.3;19;4;1426;0.0333333333;online data analytic  ;2024;11;22;4;6;47;0;1197.7;0.0346420323;0;1;0
89;3248;239.42;10;4;1504;0.0449438202;learn data analytics  ;2024;11;11;4;2;46;0;1264.58;0.0274014778;1;0;0
91;3721;231.45;24;6;1502;0.0659340659;online data analytic  ;2024;11;14;4;5;46;0;1270.55;0.0244557915;0;1;0
143;4143;191.68;20;5;1460;0.034965035;analytics for data    ;2024;11;30;4;7;48;1;1268.32;0.0345160512;0;1;0
176;5768;238.94;14;8;1016;0.0454545455;data analitics online ;2024;11;2;4;7;44;1;777.06;0.0305131761;0;1;0
151;4408;214.29;20;5;1900;0.0331125828;data analytics course ;2024;11;21;4;5;47;0;1685.71;0.0342558984;0;0;1
134;3623;221.65;19;5;1937;0.0373134328;data analitics online ;2024;11;24;4;1;48;1;1715.35;0.0369859233;0;0;1
191;3057;223.28;27;6;1208;0.0314136126;data analitics online ;2024;11;3;4;1;45;1;984.72;0.0624795551;0;0;1
170;3144;214.29;21;3;1695;0.0176470588;data analitics online ;2024;11;5;4;3;45;0;1480.71;0.0540712468;0;0;1
112;3989;228.74;10;8;1812;0.0714285714;analytics for data    ;2024;11;13;4;4;46;0;1583.26;0.0280772123;1;0;0
169;3619;246.66;28;3;1354;0.0177514793;online data analytic  ;2024;11;25;4;2;48;0;1107.34;0.0466979829;0;0;1
172;4696;242.17;26;3;1719;0.0174418605;data analytics course ;2024;11;6;4;4;45;0;1476.83;0.0366269165;0;0;1
162;5684;219.08;30;7;1295;0.0432098765;data analytics course ;2024;11;26;4;3;48;0;1075.92;0.0285010556;0;0;1
183;4197;243.19;29;8;1593;0.043715847;data anaytics training;2024;11;9;4;7;45;1;1349.81;0.0436025733;1;0;0
108;5949;184.25;23;8;1986;0.0740740741;data anaytics training;2024;11;23;4;7;47;1;1801.75;0.0181543116;0;0;1
126;3784;217.98;24;5;1951;0.0396825397;analytics for data    ;2024;11;28;4;5;48;0;1733.02;0.0332980973;1;0;0
174;3570;222.65;25;3;1502;0.0172413793;learn data analytics  ;2024;11;19;4;3;47;0;1279.35;0.0487394958;0;1;0
122;4632;236.57;13;6;1001;0.0491803279;data analytics course ;2024;11;15;4;6;46;0;764.43;0.0263385147;0;0;1
191;3457;237.6;20;10;1507;0.0523560209;data analytics course ;2024;11;5;4;3;45;0;1269.4;0.055250217;0;0;1
122;4525;202.89;23;8;1499;0.0655737705;data anaytics training;2024;11;22;4;6;47;0;1296.11;0.026961326;0;1;0
175;4850;186.25;28;10;1978;0.0571428571;analytics for data    ;2024;11;18;4;2;47;0;1791.75;0.0360824742;0;0;1
123;4938;180.64;24;9;1746;0.0731707317;data analytics course ;2024;11;21;4;5;47;0;1565.36;0.02490887;0;1;0
135;5748;239.22;20;7;1222;0.0518518519;analytics for data    ;2024;11;21;4;5;47;0;982.78;0.0234864301;0;1;0
139;4622;187.85;24;5;1998;0.035971223;analytics for data    ;2024;11;11;4;2;46;0;1810.15;0.0300735612;0;1;0
90;5596;188.04;12;4;1504;0.0444444444;online data analytic  ;2024;11;17;4;1;47;1;1315.96;0.0160829164;1;0;0
139;5308;234.1;27;8;1150;0.0575539568;analytics for data    ;2024;11;16;4;7;46;1;915.9;0.0261868877;0;1;0
89;3069;205.37;19;6;1518;0.0674157303;data analitics online ;2024;11;28;4;5;48;0;1312.63;0.0289996742;0;0;1
139;4221;180.83;24;10;1082;0.071942446;learn data analytics  ;2024;11;13;4;4;46;0;901.17;0.0329305852;0;1;0
148;4514;203.54;23;3;1622;0.0202702703;data analitics online ;2024;11;5;4;3;45;0;1418.46;0.0327868852;0;0;1
96;3468;228.41;16;9;1035;0.09375;learn data analytics  ;2024;11;4;4;2;45;0;806.59;0.0276816609;0;0;1
126;3613;208.74;18;7;1106;0.0555555556;learn data analytics  ;2024;11;6;4;4;45;0;897.26;0.0348740659;0;0;1
115;3234;227.77;30;3;1272;0.0260869565;learn data analytics  ;2024;11;13;4;4;46;0;1044.23;0.0355596784;0;1;0
135;5436;245.86;28;9;1453;0.0666666667;data analitics online ;2024;11;3;4;1;45;1;1207.14;0.0248344371;0;0;1
158;4519;191.84;26;4;1507;0.0253164557;data analitics online ;2024;11;29;4;6;48;0;1315.16;0.0349634875;0;0;1
80;3777;199.52;12;7;1694;0.0875;learn data analytics  ;2024;11;22;4;6;47;0;1494.48;0.0211808313;0;0;1
190;3461;205.22;28;10;1616;0.0526315789;online data analytic  ;2024;11;25;4;2;48;0;1410.78;0.0548974285;1;0;0
135;4575;241.92;10;5;1553;0.037037037;data analytics course ;2024;11;22;4;6;47;0;1311.08;0.0295081967;0;0;1
149;3471;242.14;23;4;1937;0.0268456376;data anaytics training;2024;11;19;4;3;47;0;1694.86;0.0429271103;0;0;1
164;3115;232.62;10;6;1802;0.0365853659;data analitics online ;2024;11;4;4;2;45;0;1569.38;0.0526484751;0;1;0
132;5428;180.73;10;7;1732;0.053030303;data analytics course ;2024;11;16;4;7;46;1;1551.27;0.0243183493;0;0;1
198;4499;245.24;27;7;1165;0.0353535354;online data analytic  ;2024;11;1;4;6;44;0;919.76;0.04400978;0;1;0
153;3285;226.26;12;7;1838;0.045751634;online data analytic  ;2024;11;21;4;5;47;0;1611.74;0.0465753425;0;0;1
142;3431;235.09;19;7;1334;0.0492957746;data analitics online ;2024;11;8;4;6;45;0;1098.91;0.0413873506;0;0;1
91;4600;194.14;19;7;1255;0.0769230769;data analitics online ;2024;11;19;4;3;47;0;1060.86;0.0197826087;1;0;0
154;4804;190.98;21;3;1521;0.0194805195;data anaytics training;2024;11;23;4;7;47;1;1330.02;0.0320566195;0;0;1
115;5472;230.29;26;4;1275;0.0347826087;learn data analytics  ;2024;11;7;4;5;45;0;1044.71;0.0210160819;1;0;0
86;5493;191.28;18;9;1204;0.1046511628;data analytics course ;2024;11;20;4;4;47;0;1012.72;0.0156562898;0;1;0
116;3188;238.62;15;10;1429;0.0862068966;online data analytic  ;2024;11;14;4;5;46;0;1190.38;0.0363864492;0;1;0
144;3579;237.97;21;10;1155;0.0694444444;data analytics course ;2024;11;2;4;7;44;1;917.03;0.0402347024;0;0;1
101;4198;204.09;30;10;1642;0.099009901;data anaytics training;2024;11;21;4;5;47;0;1437.91;0.0240590758;0;0;1
116;4224;245.99;10;5;1054;0.0431034483;data analitics online ;2024;11;5;4;3;45;0;808.01;0.0274621212;0;1;0
187;3199;193.29;24;6;1430;0.0320855615;online data analytic  ;2024;11;20;4;4;47;0;1236.71;0.0584557674;0;1;0
114;4333;192.81;26;6;1722;0.0526315789;data anaytics training;2024;11;8;4;6;45;0;1529.19;0.0263097161;0;1;0
141;3617;198.52;20;9;1858;0.0638297872;data analytics course ;2024;11;21;4;5;47;0;1659.48;0.0389825823;0;0;1
167;5588;181.95;18;9;1502;0.0538922156;data anaytics training;2024;11;23;4;7;47;1;1320.05;0.0298854689;0;1;0
186;4689;204.31;26;6;1936;0.0322580645;data analitics online ;2024;11;21;4;5;47;0;1731.69;0.0396673065;0;0;1
143;4846;206.4;21;7;1526;0.048951049;data analitics online ;2024;11;28;4;5;48;0;1319.6;0.0295088733;1;0;0
136;3441;236.21;26;9;1461;0.0661764706;learn data analytics  ;2024;11;15;4;6;46;0;1224.79;0.0395233944;0;0;1
185;3719;245.91;17;9;1218;0.0486486486;online data analytic  ;2024;11;9;4;7;45;1;972.09;0.049744555;1;0;0
162;3337;200.94;11;9;1820;0.0555555556;data analytics course ;2024;11;16;4;7;46;1;1619.06;0.0485465987;1;0;0
91;3694;234.02;23;5;1507;0.0549450549;online data analytic  ;2024;11;24;4;1;48;1;1272.98;0.0246345425;0;0;1
109;5641;224.36;30;4;1531;0.0366972477;analytics for data    ;2024;11;13;4;4;46;0;1306.64;0.0193228151;0;1;0
88;3992;195.38;14;4;1228;0.0454545455;data analytics course ;2024;11;15;4;6;46;0;1032.62;0.0220440882;0;0;1
189;3411;205.26;28;7;1147;0.037037037;analytics for data    ;2024;11;27;4;4;48;0;941.74;0.055408971;0;0;1
154;3099;218.7;30;6;1366;0.038961039;data analitics online ;2024;11;10;4;1;46;1;1147.3;0.0496934495;0;0;1
106;3017;242.71;24;5;1701;0.0471698113;learn data analytics  ;2024;11;4;4;2;45;0;1458.29;0.0351342393;1;0;0
134;4480;202.32;17;5;1963;0.0373134328;data anaytics training;2024;11;23;4;7;47;1;1760.68;0.0299107143;0;1;0
84;5662;228.62;25;9;1988;0.1071428571;analytics for data    ;2024;11;26;4;3;48;0;1759.38;0.0148357471;0;0;1
190;4476;198.18;12;4;1002;0.0210526316;data analitics online ;2024;11;7;4;5;45;0;803.82;0.0424486148;0;0;1
156;4771;199.3;26;8;1823;0.0512820513;data analitics online ;2024;11;4;4;2;45;0;1623.7;0.0326975477;0;1;0
136;5510;198.92;23;9;1063;0.0661764706;data analytics course ;2024;11;14;4;5;46;0;864.08;0.0246823956;0;0;1
170;4786;202.62;27;6;1372;0.0352941176;data anaytics training;2024;11;4;4;2;45;0;1169.38;0.0355202674;1;0;0
86;3964;193.15;26;5;1639;0.0581395349;learn data analytics  ;2024;11;23;4;7;47;1;1445.85;0.0216952573;0;0;1
143;5317;236.37;10;3;1861;0.020979021;data analitics online ;2024;11;16;4;7;46;1;1624.63;0.0268948655;0;1;0
84;3454;206.8;23;3;1573;0.0357142857;learn data analytics  ;2024;11;17;4;1;47;1;1366.2;0.0243196294;0;0;1
145;3804;236.92;29;8;1328;0.0551724138;data analytics course ;2024;11;23;4;7;47;1;1091.08;0.0381177708;0;1;0
126;4670;234.65;25;8;1470;0.0634920635;online data analytic  ;2024;11;23;4;7;47;1;1235.35;0.0269807281;0;0;1
156;3273;189.36;14;6;1860;0.0384615385;data analitics online ;2024;11;15;4;6;46;0;1670.64;0.0476626948;1;0;0
124;4236;182.02;20;9;1979;0.0725806452;data anaytics training;2024;11;22;4;6;47;0;1796.98;0.029272899;0;0;1
197;5866;217.81;28;7;1331;0.0355329949;learn data analytics  ;2024;11;18;4;2;47;0;1113.19;0.0335833617;1;0;0
106;3102;214.56;12;7;1881;0.0660377358;learn data analytics  ;2024;11;25;4;2;48;0;1666.44;0.0341715023;1;0;0
129;4856;230.13;23;7;1720;0.0542635659;learn data analytics  ;2024;11;25;4;2;48;0;1489.87;0.0265650741;0;1;0
93;4054;244.73;11;8;1066;0.0860215054;online data analytic  ;2024;11;24;4;1;48;1;821.27;0.0229403059;0;0;1
96;4074;219.66;16;8;1502;0.0833333333;data analitics online ;2024;11;7;4;5;45;0;1282.34;0.0235640648;0;1;0
135;4430;196.18;12;9;1374;0.0666666667;analytics for data    ;2024;11;8;4;6;45;0;1177.82;0.0304740406;1;0;0
138;5356;204.86;15;9;1268;0.0652173913;online data analytic  ;2024;11;22;4;6;47;0;1063.14;0.0257654966;1;0;0
92;4898;247.49;19;7;1969;0.0760869565;data anaytics training;2024;11;7;4;5;45;0;1721.51;0.0187831768;0;0;1
151;5301;232.06;13;9;1893;0.059602649;data analitics online ;2024;11;5;4;3;45;0;1660.94;0.0284851915;1;0;0
189;3031;209.84;25;6;1936;0.0317460317;online data analytic  ;2024;11;26;4;3;48;0;1726.16;0.0623556582;0;1;0
97;3410;180.52;24;6;1532;0.0618556701;analytics for data    ;2024;11;7;4;5;45;0;1351.48;0.0284457478;0;1;0
178;4745;200.61;12;9;1574;0.0505617978;learn data analytics  ;2024;11;18;4;2;47;0;1373.39;0.0375131718;0;0;1
164;3024;192.34;12;8;1997;0.0487804878;data analytics course ;2024;11;7;4;5;45;0;1804.66;0.0542328042;0;0;1
94;5435;231.42;21;5;1114;0.0531914894;data analitics online ;2024;11;3;4;1;45;1;882.58;0.0172953082;0;0;1
176;3021;204.53;29;7;1620;0.0397727273;online data analytic  ;2024;11;13;4;4;46;0;1415.47;0.0582588547;0;1;0
165;5335;192.53;23;5;1402;0.0303030303;data anaytics training;2024;11;12;4;3;46;0;1209.47;0.0309278351;1;0;0
188;4081;237.05;18;8;1846;0.0425531915;data analytics course ;2024;11;6;4;4;45;0;1608.95;0.0460671404;0;1;0
87;4840;205.72;16;6;1040;0.0689655172;online data analytic  ;2024;11;9;4;7;45;1;834.28;0.0179752066;0;0;1
106;4738;196.7;17;4;1515;0.0377358491;data anaytics training;2024;11;29;4;6;48;0;1318.3;0.022372309;0;1;0
198;4181;218.4;10;8;1298;0.0404040404;data anaytics training;2024;11;17;4;1;47;1;1079.6;0.0473570916;1;0;0
121;5813;202.92;25;6;1226;0.0495867769;data analitics online ;2024;11;14;4;5;46;0;1023.08;0.0208154137;0;1;0
120;4303;202.8;21;4;1033;0.0333333333;online data analytic  ;2024;11;26;4;3;48;0;830.2;0.0278875203;0;1;0
189;5201;210.87;21;10;1560;0.0529100529;data analytics course ;2024;11;11;4;2;46;0;1349.13;0.0363391655;1;0;0
131;4603;228.63;30;6;1270;0.0458015267;analytics for data    ;2024;11;3;4;1;45;1;1041.37;0.0284597002;0;1;0
99;4051;207.42;10;9;1797;0.0909090909;analytics for data    ;2024;11;14;4;5;46;0;1589.58;0.0244384103;1;0;0
199;4080;243.8;23;7;1507;0.0351758794;data anaytics training;2024;11;15;4;6;46;0;1263.2;0.0487745098;0;0;1
180;4140;240.76;21;8;1248;0.0444444444;online data analytic  ;2024;11;11;4;2;46;0;1007.24;0.0434782609;0;0;1
88;3333;193.25;29;3;1398;0.0340909091;data analitics online ;2024;11;14;4;5;46;0;1204.75;0.0264026403;0;1;0
140;3689;249.33;20;9;1329;0.0642857143;learn data analytics  ;2024;11;22;4;6;47;0;1079.67;0.0379506641;1;0;0
166;4665;223.95;23;9;1404;0.0542168675;data analitics online ;2024;11;7;4;5;45;0;1180.05;0.0355841372;0;1;0
185;3670;198.66;30;4;1440;0.0216216216;data anaytics training;2024;11;13;4;4;46;0;1241.34;0.0504087193;0;0;1
139;4036;242.12;25;5;1329;0.035971223;learn data analytics  ;2024;11;26;4;3;48;0;1086.88;0.0344400396;0;1;0
142;4497;198.98;27;3;1582;0.0211267606;analytics for data    ;2024;11;30;4;7;48;1;1383.02;0.0315766066;0;1;0
173;3705;197.01;20;10;1010;0.0578034682;data anaytics training;2024;11;26;4;3;48;0;812.99;0.0466936572;0;0;1
139;5849;214;27;3;1146;0.0215827338;learn data analytics  ;2024;11;25;4;2;48;0;932.0;0.0237647461;0;1;0
153;5283;205.72;24;3;1591;0.0196078431;learn data analytics  ;2024;11;10;4;1;46;1;1385.28;0.0289608177;0;0;1
104;5203;241.15;17;6;1164;0.0576923077;data analitics online ;2024;11;28;4;5;48;0;922.85;0.0199884682;1;0;0
120;4243;198.49;15;10;1891;0.0833333333;data anaytics training;2024;11;27;4;4;48;0;1692.51;0.028281876;0;0;1
100;3716;247.95;23;8;1924;0.08;learn data analytics  ;2024;11;14;4;5;46;0;1676.05;0.0269106566;1;0;0
106;3646;237.89;28;7;1564;0.0660377358;analytics for data    ;2024;11;2;4;7;44;1;1326.11;0.0290729567;1;0;0
136;4101;227.43;28;9;1284;0.0661764706;learn data analytics  ;2024;11;19;4;3;47;0;1056.57;0.0331626433;0;1;0
121;3366;246.56;25;7;1170;0.0578512397;online data analytic  ;2024;11;2;4;7;44;1;923.44;0.0359477124;0;0;1
153;3381;231.35;29;5;1769;0.0326797386;data analytics course ;2024;11;28;4;5;48;0;1537.65;0.0452528838;0;1;0
111;5003;213.34;29;3;1938;0.027027027;analytics for data    ;2024;11;25;4;2;48;0;1724.66;0.022186688;0;1;0
156;5415;198.27;29;7;1918;0.0448717949;data anaytics training;2024;11;17;4;1;47;1;1719.73;0.0288088643;0;0;1
137;3838;226.92;18;6;1502;0.0437956204;analytics for data    ;2024;11;27;4;4;48;0;1275.08;0.0356956748;0;1;0
138;3002;246.3;24;6;1530;0.0434782609;learn data analytics  ;2024;11;1;4;6;44;0;1283.7;0.0459693538;0;1;0
96;3958;238.06;17;4;1750;0.0416666667;online data analytic  ;2024;11;7;4;5;45;0;1511.94;0.0242546741;1;0;0
180;3060;194.47;21;5;1429;0.0277777778;online data analytic  ;2024;11;10;4;1;46;1;1234.53;0.0588235294;0;1;0
132;5514;208.57;16;7;1072;0.053030303;online data analytic  ;2024;11;26;4;3;48;0;863.43;0.0239390642;1;0;0
147;5373;233.68;20;7;1685;0.0476190476;data analytics course ;2024;11;1;4;6;44;0;1451.32;0.0273590173;0;0;1
84;4720;213.68;20;5;1412;0.0595238095;data analytics course ;2024;11;21;4;5;47;0;1198.32;0.0177966102;0;1;0
82;4330;228.68;18;8;1510;0.0975609756;analytics for data    ;2024;11;4;4;2;45;0;1281.32;0.0189376443;0;0;1
173;4365;214.29;28;9;1311;0.0520231214;data analitics online ;2024;11;6;4;4;45;0;1096.71;0.0396334479;0;0;1
89;5899;226.95;13;7;1058;0.0786516854;data anaytics training;2024;11;10;4;1;46;1;831.05;0.0150873029;1;0;0
198;3500;206.88;19;6;1684;0.0303030303;analytics for data    ;2024;11;11;4;2;46;0;1477.12;0.0565714286;1;0;0
135;4155;207.81;25;9;1313;0.0666666667;online data analytic  ;2024;11;3;4;1;45;1;1105.19;0.0324909747;0;0;1
94;5437;190.49;16;6;1234;0.0638297872;data anaytics training;2024;11;16;4;7;46;1;1043.51;0.0172889461;0;1;0
151;3251;224.8;13;6;1507;0.0397350993;learn data analytics  ;2024;11;21;4;5;47;0;1282.2;0.046447247;0;0;1
113;5392;205.13;28;3;1208;0.0265486726;online data analytic  ;2024;11;17;4;1;47;1;1002.87;0.0209569733;1;0;0
164;5403;213;11;8;1507;0.0487804878;analytics for data    ;2024;11;22;4;6;47;0;1294.0;0.0303535073;0;0;1
135;5054;224.03;16;6;1765;0.0444444444;data anaytics training;2024;11;7;4;5;45;0;1540.97;0.0267115156;1;0;0
116;5757;218.69;10;7;1834;0.0603448276;online data analytic  ;2024;11;23;4;7;47;1;1615.31;0.0201493834;1;0;0
143;4485;220.3;14;6;1801;0.041958042;data analytics course ;2024;11;1;4;6;44;0;1580.7;0.031884058;1;0;0
164;4053;245.26;28;7;1384;0.0426829268;learn data analytics  ;2024;11;1;4;6;44;0;1138.74;0.0404638539;0;1;0
146;5733;225.48;26;3;1658;0.0205479452;online data analytic  ;2024;11;10;4;1;46;1;1432.52;0.0254665969;0;0;1
181;3225;190.25;22;5;1677;0.0276243094;learn data analytics  ;2024;11;10;4;1;46;1;1486.75;0.056124031;1;0;0
156;4170;244.72;29;3;1962;0.0192307692;data analitics online ;2024;11;20;4;4;47;0;1717.28;0.0374100719;0;0;1
182;4039;240.35;12;7;1214;0.0384615385;data anaytics training;2024;11;13;4;4;46;0;973.65;0.0450606586;0;1;0
137;3150;184.36;19;3;1218;0.0218978102;data analitics online ;2024;11;29;4;6;48;0;1033.64;0.0434920635;0;1;0
93;4498;237.67;27;3;1102;0.0322580645;online data analytic  ;2024;11;30;4;7;48;1;864.33;0.0206758559;1;0;0
136;4683;228.82;22;5;1493;0.0367647059;learn data analytics  ;2024;11;19;4;3;47;0;1264.18;0.0290412129;0;0;1
194;5620;194.91;22;10;1607;0.0515463918;data analytics course ;2024;11;8;4;6;45;0;1412.09;0.034519573;0;1;0
139;4653;194.99;11;5;1928;0.035971223;learn data analytics  ;2024;11;12;4;3;46;0;1733.01;0.0298732001;0;1;0
181;3063;191.03;15;4;1125;0.0220994475;data anaytics training;2024;11;21;4;5;47;0;933.97;0.0590923931;0;0;1
156;3273;245.27;30;8;1502;0.0512820513;learn data analytics  ;2024;11;5;4;3;45;0;1256.73;0.0476626948;0;1;0
128;4314;181.68;28;5;1456;0.0390625;analytics for data    ;2024;11;25;4;2;48;0;1274.32;0.0296708391;1;0;0
133;5945;223.43;16;6;1329;0.045112782;data anaytics training;2024;11;16;4;7;46;1;1105.57;0.022371741;0;1;0
118;4794;233.49;20;3;1707;0.0254237288;data analytics course ;2024;11;27;4;4;48;0;1473.51;0.024614101;1;0;0
191;5227;204.87;26;6;1605;0.0314136126;data analytics course ;2024;11;20;4;4;47;0;1400.13;0.0365410369;1;0;0
172;4850;242.33;27;4;1391;0.023255814;data analitics online ;2024;11;21;4;5;47;0;1148.67;0.0354639175;0;1;0
143;5314;222.14;21;9;1502;0.0629370629;learn data analytics  ;2024;11;22;4;6;47;0;1279.86;0.0269100489;0;1;0
110;4394;194.23;28;3;1394;0.0272727273;analytics for data    ;2024;11;25;4;2;48;0;1199.77;0.0250341375;0;1;0
119;5820;196.42;11;10;1707;0.0840336134;learn data analytics  ;2024;11;22;4;6;47;0;1510.58;0.0204467354;0;1;0
178;5328;201.9;20;9;1452;0.0505617978;data analytics course ;2024;11;21;4;5;47;0;1250.1;0.0334084084;1;0;0
136;3557;190.84;17;4;1925;0.0294117647;data analitics online ;2024;11;28;4;5;48;0;1734.16;0.0382344672;0;0;1
95;4050;234.79;20;5;1783;0.0526315789;data analitics online ;2024;11;18;4;2;47;0;1548.21;0.0234567901;1;0;0
198;3575;224.07;13;3;1070;0.0151515152;data analitics online ;2024;11;9;4;7;45;1;845.93;0.0553846154;0;0;1
134;5570;233.77;15;4;1101;0.0298507463;data analytics course ;2024;11;27;4;4;48;0;867.23;0.0240574506;1;0;0
83;4883;228.3;29;10;1456;0.1204819277;learn data analytics  ;2024;11;7;4;5;45;0;1227.7;0.0169977473;1;0;0
187;4753;236.03;13;3;1906;0.0160427807;data analitics online ;2024;11;18;4;2;47;0;1669.97;0.0393435725;0;0;1
81;5653;245.33;23;8;1248;0.0987654321;data analitics online ;2024;11;26;4;3;48;0;1002.67;0.014328675;1;0;0
144;5750;184.37;19;8;1098;0.0555555556;learn data analytics  ;2024;11;26;4;3;48;0;913.63;0.0250434783;0;0;1
161;5766;221.93;10;8;1830;0.049689441;online data analytic  ;2024;11;13;4;4;46;0;1608.07;0.0279223032;0;1;0
90;4424;219.77;10;4;1396;0.0444444444;data analitics online ;2024;11;8;4;6;45;0;1176.23;0.0203435805;0;0;1
128;5043;231.72;26;8;1508;0.0625;analytics for data    ;2024;11;26;4;3;48;0;1276.28;0.0253817172;0;1;0
195;4529;200.36;25;7;1343;0.0358974359;data anaytics training;2024;11;30;4;7;48;1;1142.64;0.0430558622;0;1;0
160;5751;217.98;28;4;1802;0.025;learn data analytics  ;2024;11;22;4;6;47;0;1584.02;0.0278212485;1;0;0
176;4518;237.95;17;10;1933;0.0568181818;analytics for data    ;2024;11;11;4;2;46;0;1695.05;0.03895529;0;0;1
157;5201;228.72;14;8;1458;0.050955414;data analitics online ;2024;11;9;4;7;45;1;1229.28;0.0301865026;1;0;0
104;4735;233.95;19;6;1493;0.0576923077;learn data analytics  ;2024;11;23;4;7;47;1;1259.05;0.0219640971;1;0;0
117;3014;242.24;12;7;1432;0.0598290598;learn data analytics  ;2024;11;29;4;6;48;0;1189.76;0.0388188454;1;0;0
138;5506;192.89;27;6;1261;0.0434782609;learn data analytics  ;2024;11;2;4;7;44;1;1068.11;0.025063567;0;1;0
84;3758;232.56;26;5;1384;0.0595238095;data analytics course ;2024;11;6;4;4;45;0;1151.44;0.0223523151;0;0;1
102;4460;182.23;15;6;1849;0.0588235294;data analitics online ;2024;11;14;4;5;46;0;1666.77;0.0228699552;0;1;0
122;5518;202;27;3;1884;0.0245901639;analytics for data    ;2024;11;11;4;2;46;0;1682.0;0.0221094599;0;1;0
198;5542;234.62;10;10;1605;0.0505050505;online data analytic  ;2024;11;27;4;4;48;0;1370.38;0.0357271743;0;1;0
152;5678;204.41;22;4;1794;0.0263157895;online data analytic  ;2024;11;20;4;4;47;0;1589.59;0.0267699894;0;0;1
147;4608;180.04;20;6;1351;0.0408163265;data analitics online ;2024;11;21;4;5;47;0;1170.96;0.0319010417;0;0;1
108;5448;230.17;12;10;1039;0.0925925926;data analytics course ;2024;11;19;4;3;47;0;808.83;0.0198237885;0;0;1
137;5261;196.48;23;5;1227;0.0364963504;data anaytics training;2024;11;26;4;3;48;0;1030.52;0.0260406767;0;1;0
131;4549;209.38;16;9;1645;0.0687022901;data analitics online ;2024;11;12;4;3;46;0;1435.62;0.0287975379;1;0;0
80;3760;236.82;13;4;1927;0.05;learn data analytics  ;2024;11;21;4;5;47;0;1690.18;0.0212765957;0;0;1
114;4157;248.56;10;7;1671;0.0614035088;analytics for data    ;2024;11;10;4;1;46;1;1422.44;0.0274236228;0;0;1
123;4580;223;15;7;1614;0.0569105691;analytics for data    ;2024;11;18;4;2;47;0;1391.0;0.0268558952;1;0;0
168;4068;233.54;23;5;1636;0.0297619048;analytics for data    ;2024;11;27;4;4;48;0;1402.46;0.0412979351;1;0;0
180;3072;218.47;28;9;1200;0.05;learn data analytics  ;2024;11;6;4;4;45;0;981.53;0.05859375;1;0;0
117;5379;240.68;18;3;1361;0.0256410256;analytics for data    ;2024;11;6;4;4;45;0;1120.32;0.0217512549;0;1;0
103;4885;221.05;21;10;1504;0.0970873786;online data analytic  ;2024;11;25;4;2;48;0;1282.95;0.0210849539;1;0;0
140;5859;211.08;26;9;1276;0.0642857143;data anaytics training;2024;11;15;4;6;46;0;1064.92;0.0238948626;0;0;1
158;4574;198.9;21;8;1706;0.0506329114;learn data analytics  ;2024;11;4;4;2;45;0;1507.1;0.0345430695;0;0;1
162;5911;232.03;12;7;1613;0.0432098765;data analitics online ;2024;11;9;4;7;45;1;1380.97;0.0274065302;0;1;0
122;3440;206.78;20;3;1222;0.0245901639;online data analytic  ;2024;11;24;4;1;48;1;1015.22;0.0354651163;0;1;0
89;4319;198.79;23;10;1980;0.1123595506;learn data analytics  ;2024;11;16;4;7;46;1;1781.21;0.0206066219;1;0;0
119;3956;188.53;20;5;1311;0.0420168067;data anaytics training;2024;11;15;4;6;46;0;1122.47;0.0300808898;0;1;0
155;4220;200.81;20;3;1199;0.0193548387;data analytics course ;2024;11;30;4;7;48;1;998.19;0.0367298578;1;0;0
143;3692;243.6;30;4;1954;0.027972028;analytics for data    ;2024;11;1;4;6;44;0;1710.4;0.0387323944;1;0;0
179;4188;231.23;25;9;1936;0.0502793296;online data analytic  ;2024;11;19;4;3;47;0;1704.77;0.0427411652;1;0;0
194;4549;217.93;29;7;1457;0.0360824742;data analytics course ;2024;11;25;4;2;48;0;1239.07;0.0426467355;1;0;0
101;3401;194.12;27;3;1721;0.0297029703;learn data analytics  ;2024;11;11;4;2;46;0;1526.88;0.0296971479;1;0;0
110;3382;249.88;17;6;1327;0.0545454545;learn data analytics  ;2024;11;22;4;6;47;0;1077.12;0.0325251331;1;0;0
179;5366;204.5;20;9;1510;0.0502793296;data analitics online ;2024;11;22;4;6;47;0;1305.5;0.0333581811;0;1;0
193;4611;197.28;27;10;1701;0.0518134715;data analytics course ;2024;11;29;4;6;48;0;1503.72;0.0418564303;1;0;0
188;4447;234.18;14;8;1449;0.0425531915;analytics for data    ;2024;11;17;4;1;47;1;1214.82;0.0422756915;1;0;0
139;4075;211.41;11;7;1764;0.0503597122;data analitics online ;2024;11;8;4;6;45;0;1552.59;0.0341104294;0;1;0
177;4230;213.46;15;4;1389;0.0225988701;analytics for data    ;2024;11;6;4;4;45;0;1175.54;0.0418439716;0;0;1
152;3729;214.23;22;7;2000;0.0460526316;analytics for data    ;2024;11;20;4;4;47;0;1785.77;0.0407615983;0;1;0
168;4710;214.49;15;9;1466;0.0535714286;data anaytics training;2024;11;24;4;1;48;1;1251.51;0.0356687898;1;0;0
171;5332;229.69;11;3;1685;0.0175438596;data analytics course ;2024;11;3;4;1;45;1;1455.31;0.0320705176;1;0;0
150;3833;202.55;29;10;1509;0.0666666667;learn data analytics  ;2024;11;10;4;1;46;1;1306.45;0.0391338377;0;1;0
143;4833;193.96;23;9;1987;0.0629370629;online data analytic  ;2024;11;16;4;7;46;1;1793.04;0.0295882475;1;0;0
174;4720;214;25;10;1209;0.0574712644;analytics for data    ;2024;11;21;4;5;47;0;995.0;0.0368644068;0;1;0
127;3131;227.93;24;7;1571;0.0551181102;data anaytics training;2024;11;14;4;5;46;0;1343.07;0.0405621207;0;0;1
148;5147;244.42;18;4;1348;0.027027027;data analitics online ;2024;11;30;4;7;48;1;1103.58;0.0287546143;0;0;1
112;5288;246.27;26;10;1504;0.0892857143;data anaytics training;2024;11;10;4;1;46;1;1257.73;0.0211800303;1;0;0
184;3908;240.68;15;7;1332;0.0380434783;analytics for data    ;2024;11;23;4;7;47;1;1091.32;0.0470829069;0;1;0
116;3380;196.75;23;9;1434;0.0775862069;analytics for data    ;2024;11;6;4;4;45;0;1237.25;0.0343195266;1;0;0
152;3948;189.73;17;5;1851;0.0328947368;analytics for data    ;2024;11;26;4;3;48;0;1661.27;0.0385005066;1;0;0
197;3741;210.33;24;9;1883;0.0456852792;data analytics course ;2024;11;26;4;3;48;0;1672.67;0.0526597167;0;0;1
115;5836;233.52;21;6;1301;0.052173913;learn data analytics  ;2024;11;8;4;6;45;0;1067.48;0.0197052776;1;0;0
192;3381;219.26;28;7;1377;0.0364583333;online data analytic  ;2024;11;15;4;6;46;0;1157.74;0.0567879326;1;0;0
88;5781;246.82;21;6;1020;0.0681818182;data analitics online ;2024;11;25;4;2;48;0;773.18;0.0152222799;0;1;0
134;4707;239.9;29;8;1383;0.0597014925;learn data analytics  ;2024;11;24;4;1;48;1;1143.1;0.0284682388;1;0;0
160;5611;216.65;21;10;1714;0.0625;learn data analytics  ;2024;11;30;4;7;48;1;1497.35;0.0285154161;0;1;0
195;3174;218.06;12;7;1476;0.0358974359;online data analytic  ;2024;11;25;4;2;48;0;1257.94;0.061436673;1;0;0
142;5076;190.49;22;7;1509;0.0492957746;learn data analytics  ;2024;11;20;4;4;47;0;1318.51;0.0279747833;1;0;0
81;5942;236.07;15;7;1288;0.0864197531;online data analytic  ;2024;11;12;4;3;46;0;1051.93;0.0136317738;0;0;1
143;4234;201.93;16;4;1462;0.027972028;analytics for data    ;2024;11;25;4;2;48;0;1260.07;0.0337742088;1;0;0
115;3963;225.32;22;9;1622;0.0782608696;data analitics online ;2024;11;1;4;6;44;0;1396.68;0.0290184204;0;0;1
172;4349;243.53;28;5;1195;0.0290697674;online data analytic  ;2024;11;13;4;4;46;0;951.47;0.0395493217;0;1;0
91;5294;245.21;21;7;1227;0.0769230769;online data analytic  ;2024;11;26;4;3;48;0;981.79;0.0171892709;0;0;1
166;5381;246.52;21;7;1579;0.0421686747;data anaytics training;2024;11;9;4;7;45;1;1332.48;0.0308492845;0;0;1
155;3052;199.46;13;6;1362;0.0387096774;data anaytics training;2024;11;1;4;6;44;0;1162.54;0.0507863696;1;0;0
127;4634;218.04;26;7;1410;0.0551181102;learn data analytics  ;2024;11;2;4;7;44;1;1191.96;0.0274061286;0;1;0
94;5564;203.88;22;6;1507;0.0638297872;data anaytics training;2024;11;14;4;5;46;0;1303.12;0.0168943206;0;0;1
90;5196;192.83;21;8;1783;0.0888888889;data analytics course ;2024;11;7;4;5;45;0;1590.17;0.0173210162;0;0;1
161;5749;203.25;12;4;1502;0.0248447205;online data analytic  ;2024;11;28;4;5;48;0;1298.75;0.0280048704;0;1;0
157;5483;245.31;24;6;1504;0.0382165605;analytics for data    ;2024;11;22;4;6;47;0;1258.69;0.0286339595;1;0;0
157;4093;202.85;27;8;1370;0.050955414;analytics for data    ;2024;11;3;4;1;45;1;1167.15;0.0383581725;1;0;0
179;4459;181.7;27;5;1320;0.0279329609;data analitics online ;2024;11;13;4;4;46;0;1138.3;0.0401435299;0;1;0
165;5937;220.65;23;6;1576;0.0363636364;analytics for data    ;2024;11;4;4;2;45;0;1355.35;0.027791814;1;0;0
167;4475;231.64;13;5;1750;0.0299401198;online data analytic  ;2024;11;3;4;1;45;1;1518.36;0.0373184358;0;0;1
126;4212;182.54;29;8;1066;0.0634920635;online data analytic  ;2024;11;19;4;3;47;0;883.46;0.0299145299;1;0;0
134;4506;220.09;13;5;1745;0.0373134328;data analitics online ;2024;11;29;4;6;48;0;1524.91;0.0297381269;1;0;0
142;3147;190.93;13;5;1740;0.0352112676;learn data analytics  ;2024;11;5;4;3;45;0;1549.07;0.0451223387;1;0;0
136;4387;198.93;22;3;1629;0.0220588235;learn data analytics  ;2024;11;11;4;2;46;0;1430.07;0.0310006838;0;0;1
163;5948;184.84;12;3;1248;0.018404908;data anaytics training;2024;11;11;4;2;46;0;1063.16;0.0274041695;0;1;0
171;4855;235.23;25;6;1507;0.0350877193;data analytics course ;2024;11;21;4;5;47;0;1271.77;0.0352214212;0;0;1
97;4674;221.39;15;10;1332;0.1030927835;data analytics course ;2024;11;7;4;5;45;0;1110.61;0.0207531023;0;1;0
176;3336;193.72;15;9;1696;0.0511363636;learn data analytics  ;2024;11;12;4;3;46;0;1502.28;0.0527577938;0;1;0
129;5839;213.72;10;6;1476;0.0465116279;analytics for data    ;2024;11;18;4;2;47;0;1262.28;0.0220928241;0;0;1
178;3943;217.96;29;6;1037;0.0337078652;learn data analytics  ;2024;11;15;4;6;46;0;819.04;0.0451432919;1;0;0
111;3787;215.48;15;10;1660;0.0900900901;online data analytic  ;2024;11;14;4;5;46;0;1444.52;0.0293108001;0;1;0
156;4196;192.96;11;5;1504;0.0320512821;learn data analytics  ;2024;11;26;4;3;48;0;1311.04;0.037178265;1;0;0
139;3408;193.07;20;5;1412;0.035971223;data analytics course ;2024;11;19;4;3;47;0;1218.93;0.040786385;0;1;0
145;4982;203.33;29;5;1555;0.0344827586;data anaytics training;2024;11;23;4;7;47;1;1351.67;0.0291047772;0;1;0
156;5509;185.39;29;4;1649;0.0256410256;data analitics online ;2024;11;18;4;2;47;0;1463.61;0.028317299;1;0;0
127;3797;214.67;20;7;1735;0.0551181102;analytics for data    ;2024;11;13;4;4;46;0;1520.33;0.0334474585;0;0;1
121;5064;246.78;13;9;1268;0.0743801653;online data analytic  ;2024;11;1;4;6;44;0;1021.22;0.0238941548;0;1;0
98;4217;234.16;17;4;1556;0.0408163265;learn data analytics  ;2024;11;11;4;2;46;0;1321.84;0.0232392696;0;1;0
156;3315;223.22;14;10;1581;0.0641025641;online data analytic  ;2024;11;20;4;4;47;0;1357.78;0.0470588235;1;0;0
191;4017;203.52;20;4;1504;0.0209424084;online data analytic  ;2024;11;30;4;7;48;1;1300.48;0.0475479213;1;0;0
193;5094;205.53;18;3;1451;0.0155440415;data analitics online ;2024;11;7;4;5;45;0;1245.47;0.037887711;1;0;0
167;4480;244.62;11;9;1465;0.0538922156;data analitics online ;2024;11;10;4;1;46;1;1220.38;0.0372767857;0;1;0
177;5449;190.53;10;5;1257;0.0282485876;data analytics course ;2024;11;19;4;3;47;0;1066.47;0.0324830244;1;0;0
175;5732;208.46;25;3;1579;0.0171428571;data analitics online ;2024;11;11;4;2;46;0;1370.54;0.0305303559;0;1;0
122;4678;248.7;25;4;1744;0.0327868852;data analytics course ;2024;11;11;4;2;46;0;1495.3;0.0260795212;0;0;1
121;4088;223.85;19;3;1248;0.0247933884;online data analytic  ;2024;11;26;4;3;48;0;1024.15;0.0295988258;1;0;0
125;4528;186.6;10;9;1167;0.072;data anaytics training;2024;11;6;4;4;45;0;980.4;0.0276060071;0;0;1
81;3946;202.95;10;7;1970;0.0864197531;data anaytics training;2024;11;27;4;4;48;0;1767.05;0.0205271161;1;0;0
112;4486;249.23;28;3;1572;0.0267857143;analytics for data    ;2024;11;26;4;3;48;0;1322.77;0.0249665626;0;0;1
152;5290;182.01;24;4;1673;0.0263157895;analytics for data    ;2024;11;5;4;3;45;0;1490.99;0.0287334594;1;0;0
134;5163;245.4;26;5;1502;0.0373134328;analytics for data    ;2024;11;14;4;5;46;0;1256.6;0.0259539028;0;1;0
111;3978;192.14;19;5;1500;0.045045045;analytics for data    ;2024;11;6;4;4;45;0;1307.86;0.0279034691;0;0;1
194;4217;187.34;12;10;1669;0.0515463918;data anaytics training;2024;11;7;4;5;45;0;1481.66;0.0460042684;0;1;0
150;5907;241.8;25;7;1430;0.0466666667;data analitics online ;2024;11;11;4;2;46;0;1188.2;0.0253936008;0;0;1
100;5970;224.79;13;9;1895;0.09;data anaytics training;2024;11;15;4;6;46;0;1670.21;0.0167504188;1;0;0
186;5142;236.2;18;4;1990;0.0215053763;data analitics online ;2024;11;24;4;1;48;1;1753.8;0.0361726954;0;1;0
130;3715;243.34;12;8;1482;0.0615384615;data analitics online ;2024;11;1;4;6;44;0;1238.66;0.0349932705;0;0;1
158;4192;186.25;27;10;1968;0.0632911392;online data analytic  ;2024;11;6;4;4;45;0;1781.75;0.0376908397;0;1;0
155;5121;248.16;22;8;1027;0.0516129032;online data analytic  ;2024;11;6;4;4;45;0;778.84;0.0302675259;0;1;0
190;5984;209.35;14;6;1964;0.0315789474;data analytics course ;2024;11;6;4;4;45;0;1754.65;0.0317513369;0;0;1
191;3220;183.33;20;6;1942;0.0314136126;data anaytics training;2024;11;28;4;5;48;0;1758.67;0.0593167702;0;1;0
145;5761;202.07;17;3;1037;0.0206896552;data analitics online ;2024;11;13;4;4;46;0;834.93;0.0251692415;1;0;0
102;5683;188.73;28;8;1623;0.0784313725;analytics for data    ;2024;11;16;4;7;46;1;1434.27;0.0179482668;0;1;0
86;5238;217.28;13;3;1610;0.0348837209;data analitics online ;2024;11;22;4;6;47;0;1392.72;0.0164184803;0;0;1
115;5116;227.76;24;3;1748;0.0260869565;learn data analytics  ;2024;11;15;4;6;46;0;1520.24;0.0224784988;0;0;1
83;4476;204.88;27;8;1359;0.0963855422;online data analytic  ;2024;11;2;4;7;44;1;1154.12;0.0185433423;0;1;0
178;3461;238.96;16;5;1321;0.0280898876;learn data analytics  ;2024;11;16;4;7;46;1;1082.04;0.0514302225;1;0;0
148;5080;191.92;12;6;1070;0.0405405405;data analytics course ;2024;11;17;4;1;47;1;878.08;0.0291338583;0;1;0
139;3334;223.21;14;10;1317;0.071942446;data analytics course ;2024;11;3;4;1;45;1;1093.79;0.0416916617;0;1;0
101;5166;203.74;30;5;1763;0.0495049505;data anaytics training;2024;11;13;4;4;46;0;1559.26;0.0195509098;0;0;1
113;5642;245.69;19;7;1366;0.0619469027;data anaytics training;2024;11;20;4;4;47;0;1120.31;0.0200283587;1;0;0
97;5552;228.97;14;6;1304;0.0618556701;analytics for data    ;2024;11;7;4;5;45;0;1075.03;0.0174711816;0;0;1
155;3662;208.16;23;4;1913;0.0258064516;online data analytic  ;2024;11;27;4;4;48;0;1704.84;0.0423265975;0;0;1
109;5187;222.69;17;7;1690;0.0642201835;learn data analytics  ;2024;11;23;4;7;47;1;1467.31;0.0210140736;0;1;0
181;3647;227.37;30;6;1412;0.0331491713;data analytics course ;2024;11;30;4;7;48;1;1184.63;0.0496298327;0;0;1
131;3626;193.68;27;3;1502;0.0229007634;data analitics online ;2024;11;25;4;2;48;0;1308.32;0.0361279647;0;1;0
136;5650;225.22;26;3;1774;0.0220588235;online data analytic  ;2024;11;2;4;7;44;1;1548.78;0.0240707965;0;0;1
109;5219;215.76;15;3;1408;0.0275229358;learn data analytics  ;2024;11;18;4;2;47;0;1192.24;0.0208852271;0;1;0
191;3333;187.71;13;5;1360;0.0261780105;learn data analytics  ;2024;11;26;4;3;48;0;1172.29;0.0573057306;0;0;1
101;4435;222.49;11;10;1277;0.099009901;data anaytics training;2024;11;21;4;5;47;0;1054.51;0.0227733935;1;0;0
152;5204;210.28;11;7;1504;0.0460526316;online data analytic  ;2024;11;23;4;7;47;1;1293.72;0.0292083013;1;0;0
164;3856;241.65;27;4;1786;0.0243902439;data anaytics training;2024;11;21;4;5;47;0;1544.35;0.0425311203;0;0;1
83;4143;203.11;23;10;1517;0.1204819277;learn data analytics  ;2024;11;26;4;3;48;0;1313.89;0.0200337919;1;0;0
199;5895;239.59;21;4;1592;0.0201005025;data anaytics training;2024;11;30;4;7;48;1;1352.41;0.0337574215;1;0;0
141;4039;205.8;28;6;1220;0.0425531915;data analitics online ;2024;11;8;4;6;45;0;1014.2;0.0349096311;0;0;1
131;4773;215.36;26;7;1363;0.0534351145;data analitics online ;2024;11;8;4;6;45;0;1147.64;0.0274460507;0;1;0
139;5360;229.38;30;7;1896;0.0503597122;learn data analytics  ;2024;11;19;4;3;47;0;1666.62;0.0259328358;0;1;0
164;5380;223.15;13;5;1661;0.0304878049;analytics for data    ;2024;11;23;4;7;47;1;1437.85;0.0304832714;0;0;1
149;3323;197.76;23;4;1181;0.0268456376;data analitics online ;2024;11;17;4;1;47;1;983.24;0.0448390009;1;0;0
112;3870;215.05;26;6;1483;0.0535714286;learn data analytics  ;2024;11;3;4;1;45;1;1267.95;0.0289405685;0;0;1
139;4486;205.46;28;4;1853;0.0287769784;online data analytic  ;2024;11;24;4;1;48;1;1647.54;0.0309852876;0;1;0
105;3384;240.41;26;8;1399;0.0761904762;data analitics online ;2024;11;3;4;1;45;1;1158.59;0.0310283688;0;0;1
83;5066;236.91;22;7;1507;0.0843373494;learn data analytics  ;2024;11;21;4;5;47;0;1270.09;0.0163837347;0;0;1
127;5947;209.67;27;3;1155;0.0236220472;learn data analytics  ;2024;11;28;4;5;48;0;945.33;0.0213553052;0;0;1
133;4286;216.16;18;9;1839;0.0676691729;data analitics online ;2024;11;8;4;6;45;0;1622.84;0.0310312646;0;0;1
197;5733;185.09;14;5;1295;0.0253807107;data anaytics training;2024;11;5;4;3;45;0;1109.91;0.0343624629;0;1;0
125;5103;221.93;30;7;1398;0.056;analytics for data    ;2024;11;8;4;6;45;0;1176.07;0.0244953949;0;1;0
147;5228;210.94;12;9;1784;0.0612244898;data anaytics training;2024;11;28;4;5;48;0;1573.06;0.0281178271;0;0;1
153;3666;198.4;16;4;1820;0.0261437908;learn data analytics  ;2024;11;20;4;4;47;0;1621.6;0.0417348609;1;0;0
196;3440;212.98;15;5;1539;0.0255102041;learn data analytics  ;2024;11;26;4;3;48;0;1326.02;0.0569767442;0;1;0
87;3031;234.25;17;7;1167;0.0804597701;data analitics online ;2024;11;5;4;3;45;0;932.75;0.0287033982;0;0;1
151;5957;188.22;15;8;1468;0.0529801325;analytics for data    ;2024;11;25;4;2;48;0;1279.78;0.0253483297;0;1;0
93;4689;197.54;15;4;1073;0.0430107527;data analitics online ;2024;11;25;4;2;48;0;875.46;0.0198336532;1;0;0
145;3085;194.96;26;5;1673;0.0344827586;online data analytic  ;2024;11;24;4;1;48;1;1478.04;0.0470016207;0;0;1
128;3341;185.57;25;5;1516;0.0390625;online data analytic  ;2024;11;20;4;4;47;0;1330.43;0.0383118827;0;1;0
134;5521;243.57;15;3;1658;0.0223880597;online data analytic  ;2024;11;24;4;1;48;1;1414.43;0.0242709654;0;0;1
104;3696;206.54;28;7;1985;0.0673076923;data anaytics training;2024;11;11;4;2;46;0;1778.46;0.0281385281;0;0;1
177;3765;216.48;26;10;1507;0.0564971751;data analitics online ;2024;11;20;4;4;47;0;1290.52;0.0470119522;0;1;0
94;5455;249.09;15;3;1504;0.0319148936;analytics for data    ;2024;11;14;4;5;46;0;1254.91;0.0172318973;1;0;0
198;5260;205.53;13;10;1766;0.0505050505;analytics for data    ;2024;11;12;4;3;46;0;1560.47;0.0376425856;0;0;1
140;4404;186.01;23;6;1625;0.0428571429;analytics for data    ;2024;11;9;4;7;45;1;1438.99;0.0317892825;0;1;0
137;5445;237.51;20;5;1904;0.0364963504;learn data analytics  ;2024;11;25;4;2;48;0;1666.49;0.0251606979;0;1;0
153;3068;214;25;8;1165;0.0522875817;analytics for data    ;2024;11;19;4;3;47;0;951.0;0.0498696219;0;1;0
177;4549;240.09;26;10;1504;0.0564971751;data anaytics training;2024;11;8;4;6;45;0;1263.91;0.0389096505;1;0;0
100;4042;214.29;13;6;1678;0.06;analytics for data    ;2024;11;18;4;2;47;0;1463.71;0.0247402276;0;0;1
160;5645;195.42;25;6;1600;0.0375;data analitics online ;2024;11;16;4;7;46;1;1404.58;0.028343667;0;1;0
194;3751;244.34;23;5;1504;0.0257731959;data analitics online ;2024;11;2;4;7;44;1;1259.66;0.0517195415;1;0;0
128;5010;202.34;26;7;1502;0.0546875;data anaytics training;2024;11;16;4;7;46;1;1299.66;0.0255489022;0;1;0
80;4506;236.47;11;5;1953;0.0625;data analytics course ;2024;11;20;4;4;47;0;1716.53;0.0177541056;0;0;1
81;5843;209.54;10;9;1979;0.1111111111;data anaytics training;2024;11;9;4;7;45;1;1769.46;0.0138627417;0;1;0
102;5369;198.39;29;4;1659;0.0392156863;data analytics course ;2024;11;19;4;3;47;0;1460.61;0.0189979512;0;1;0
197;4047;202.72;15;3;1345;0.0152284264;data analitics online ;2024;11;5;4;3;45;0;1142.28;0.0486780331;1;0;0
84;4463;198.44;17;3;1110;0.0357142857;analytics for data    ;2024;11;2;4;7;44;1;911.56;0.0188214206;1;0;0
119;4610;222.7;18;3;1473;0.025210084;data analitics online ;2024;11;18;4;2;47;0;1250.3;0.025813449;0;0;1
96;5957;225.59;27;10;1062;0.1041666667;data analitics online ;2024;11;21;4;5;47;0;836.41;0.0161154944;1;0;0
144;5704;196.67;29;6;1573;0.0416666667;analytics for data    ;2024;11;29;4;6;48;0;1376.33;0.0252454418;1;0;0
148;5335;223.36;21;9;1251;0.0608108108;data analitics online ;2024;11;20;4;4;47;0;1027.64;0.0277413308;0;1;0
151;4901;224.29;27;7;1425;0.0463576159;data anaytics training;2024;11;5;4;3;45;0;1200.71;0.0308100388;1;0;0
175;5392;187.74;17;9;1015;0.0514285714;data analitics online ;2024;11;21;4;5;47;0;827.26;0.0324554896;0;1;0
189;3461;224.72;20;7;1390;0.037037037;data anaytics training;2024;11;21;4;5;47;0;1165.28;0.0546084947;0;0;1
157;5451;183.89;12;10;1180;0.0636942675;data analytics course ;2024;11;29;4;6;48;0;996.11;0.0288020547;0;0;1
126;4538;201.56;27;10;1122;0.0793650794;analytics for data    ;2024;11;21;4;5;47;0;920.44;0.0277655355;0;0;1
85;3770;204.04;30;7;1238;0.0823529412;learn data analytics  ;2024;11;14;4;5;46;0;1033.96;0.0225464191;1;0;0
89;3573;193.53;20;10;1926;0.1123595506;learn data analytics  ;2024;11;15;4;6;46;0;1732.47;0.02490904;0;0;1
152;4092;196.66;10;5;1396;0.0328947368;analytics for data    ;2024;11;11;4;2;46;0;1199.34;0.03714565;0;0;1
126;3999;181.58;22;9;1145;0.0714285714;online data analytic  ;2024;11;27;4;4;48;0;963.42;0.031507877;1;0;0
153;3354;243.13;24;6;1536;0.0392156863;data analytics course ;2024;11;10;4;1;46;1;1292.87;0.0456171735;1;0;0
98;4801;186.52;10;3;1121;0.0306122449;learn data analytics  ;2024;11;7;4;5;45;0;934.48;0.0204124141;0;0;1
145;4799;194.74;17;6;1381;0.0413793103;analytics for data    ;2024;11;7;4;5;45;0;1186.26;0.030214628;0;0;1
179;3753;220.87;23;6;1966;0.0335195531;data analytics course ;2024;11;14;4;5;46;0;1745.13;0.0476951772;0;1;0
108;4698;187.19;19;10;1118;0.0925925926;data analitics online ;2024;11;15;4;6;46;0;930.81;0.0229885057;1;0;0
191;3522;216.65;25;5;1835;0.0261780105;data anaytics training;2024;11;24;4;1;48;1;1618.35;0.0542305508;0;1;0
183;3363;212.08;10;9;1511;0.0491803279;data analitics online ;2024;11;7;4;5;45;0;1298.92;0.0544157003;0;1;0
175;5924;223.3;14;3;1505;0.0171428571;analytics for data    ;2024;11;4;4;2;45;0;1281.7;0.0295408508;1;0;0
97;3558;195.5;13;3;1544;0.0309278351;data analytics course ;2024;11;11;4;2;46;0;1348.5;0.027262507;0;0;1
159;4208;236.75;13;8;1849;0.0503144654;data anaytics training;2024;11;16;4;7;46;1;1612.25;0.0377851711;0;1;0
125;3607;224.45;22;9;1392;0.072;analytics for data    ;2024;11;2;4;7;44;1;1167.55;0.0346548378;0;1;0
193;4549;199.27;13;9;1612;0.0466321244;data analitics online ;2024;11;8;4;6;45;0;1412.73;0.042426907;1;0;0
110;5220;233.06;16;4;1711;0.0363636364;data anaytics training;2024;11;15;4;6;46;0;1477.94;0.0210727969;1;0;0
83;5247;231.04;27;3;1636;0.0361445783;data analitics online ;2024;11;4;4;2;45;0;1404.96;0.015818563;0;0;1
166;5522;218.34;13;3;1235;0.0180722892;online data analytic  ;2024;11;22;4;6;47;0;1016.66;0.0300615719;0;0;1
108;3682;214.43;20;3;1553;0.0277777778;learn data analytics  ;2024;11;27;4;4;48;0;1338.57;0.0293318848;0;0;1
84;4549;191.96;15;7;1303;0.0833333333;data analytics course ;2024;11;13;4;4;46;0;1111.04;0.0184655968;0;0;1
117;5170;214;16;10;1502;0.0854700855;data analitics online ;2024;11;20;4;4;47;0;1288.0;0.0226305609;0;1;0
195;3122;205.3;24;4;1326;0.0205128205;data anaytics training;2024;11;14;4;5;46;0;1120.7;0.0624599616;1;0;0
149;3650;220.25;17;3;1504;0.0201342282;data analitics online ;2024;11;29;4;6;48;0;1283.75;0.0408219178;1;0;0
142;5436;237.09;14;7;1269;0.0492957746;online data analytic  ;2024;11;20;4;4;47;0;1031.91;0.0261221486;0;1;0
98;5485;182.29;16;5;1518;0.0510204082;learn data analytics  ;2024;11;19;4;3;47;0;1335.71;0.0178669098;0;0;1
169;3778;214.29;11;3;1721;0.0177514793;data anaytics training;2024;11;14;4;5;46;0;1506.71;0.0447326628;0;0;1
99;3051;217.98;18;6;1762;0.0606060606;online data analytic  ;2024;11;29;4;6;48;0;1544.02;0.0324483776;1;0;0
170;5286;190.65;22;7;1110;0.0411764706;data analitics online ;2024;11;9;4;7;45;1;919.35;0.0321604238;0;0;1
143;3533;248.96;22;4;1606;0.027972028;data anaytics training;2024;11;5;4;3;45;0;1357.04;0.0404755166;1;0;0
156;5125;182.15;26;10;1658;0.0641025641;data analytics course ;2024;11;16;4;7;46;1;1475.85;0.0304390244;1;0;0
91;4500;241.81;20;3;1902;0.032967033;data analitics online ;2024;11;22;4;6;47;0;1660.19;0.0202222222;1;0;0
140;4633;228.65;15;4;1738;0.0285714286;data analitics online ;2024;11;20;4;4;47;0;1509.35;0.0302180013;1;0;0
142;3155;229.01;20;10;1955;0.0704225352;learn data analytics  ;2024;11;1;4;6;44;0;1725.99;0.0450079239;1;0;0
198;3444;195.91;27;4;1317;0.0202020202;data analitics online ;2024;11;10;4;1;46;1;1121.09;0.0574912892;0;0;1
88;4253;210.5;23;8;1918;0.0909090909;data analitics online ;2024;11;11;4;2;46;0;1707.5;0.0206912767;0;1;0
130;4925;201.1;26;5;1301;0.0384615385;analytics for data    ;2024;11;15;4;6;46;0;1099.9;0.0263959391;0;1;0
186;3576;213.96;26;4;1689;0.0215053763;learn data analytics  ;2024;11;2;4;7;44;1;1475.04;0.0520134228;0;1;0
146;5831;203.07;19;5;1216;0.0342465753;analytics for data    ;2024;11;28;4;5;48;0;1012.93;0.0250385869;1;0;0
199;5147;203.08;27;10;1126;0.0502512563;data analytics course ;2024;11;30;4;7;48;1;922.92;0.038663299;0;1;0
94;4242;208.78;14;5;1122;0.0531914894;learn data analytics  ;2024;11;17;4;1;47;1;913.22;0.0221593588;0;1;0
119;5530;205.75;25;9;1725;0.0756302521;analytics for data    ;2024;11;14;4;5;46;0;1519.25;0.0215189873;1;0;0
168;4614;241.24;28;9;1307;0.0535714286;online data analytic  ;2024;11;1;4;6;44;0;1065.76;0.0364109233;1;0;0
117;5016;249.38;10;9;1832;0.0769230769;learn data analytics  ;2024;11;2;4;7;44;1;1582.62;0.0233253589;0;1;0
156;5072;249.37;18;3;1701;0.0192307692;learn data analytics  ;2024;11;12;4;3;46;0;1451.63;0.0307570978;1;0;0
151;4805;241.95;22;3;1571;0.0198675497;online data analytic  ;2024;11;3;4;1;45;1;1329.05;0.0314255983;0;1;0
133;4474;198.99;10;7;1394;0.0526315789;online data analytic  ;2024;11;3;4;1;45;1;1195.01;0.0297273134;1;0;0
105;5151;188.18;14;9;1595;0.0857142857;online data analytic  ;2024;11;3;4;1;45;1;1406.82;0.0203843914;0;1;0
98;4515;219.39;12;7;1805;0.0714285714;learn data analytics  ;2024;11;7;4;5;45;0;1585.61;0.0217054264;0;0;1
93;4269;247.76;21;8;1543;0.0860215054;learn data analytics  ;2024;11;19;4;3;47;0;1295.24;0.0217849613;0;1;0
165;3759;231.62;23;7;1052;0.0424242424;analytics for data    ;2024;11;28;4;5;48;0;820.38;0.0438946528;1;0;0
156;4476;186.68;17;10;1372;0.0641025641;analytics for data    ;2024;11;13;4;4;46;0;1185.32;0.0348525469;0;1;0
166;5749;236.52;11;5;1780;0.0301204819;analytics for data    ;2024;11;15;4;6;46;0;1543.48;0.0288745869;0;0;1
134;5166;191.92;10;3;1526;0.0223880597;learn data analytics  ;2024;11;4;4;2;45;0;1334.08;0.0259388308;1;0;0
103;3687;194.73;27;4;1347;0.0388349515;learn data analytics  ;2024;11;15;4;6;46;0;1152.27;0.0279359913;0;1;0
95;4939;219.43;26;3;1785;0.0315789474;data anaytics training;2024;11;7;4;5;45;0;1565.57;0.0192346629;1;0;0
155;3180;229.63;15;8;1832;0.0516129032;data analytics course ;2024;11;15;4;6;46;0;1602.37;0.0487421384;0;0;1
184;3981;193.25;16;3;1359;0.0163043478;learn data analytics  ;2024;11;30;4;7;48;1;1165.75;0.0462195428;0;1;0
186;3392;218.16;29;7;1012;0.0376344086;analytics for data    ;2024;11;8;4;6;45;0;793.84;0.0548349057;0;0;1
93;3160;220.75;30;8;1472;0.0860215054;data analitics online ;2024;11;8;4;6;45;0;1251.25;0.0294303797;0;0;1
138;4699;202.54;26;9;1133;0.0652173913;online data analytic  ;2024;11;25;4;2;48;0;930.46;0.0293679506;0;1;0
96;3730;217.61;16;4;1283;0.0416666667;analytics for data    ;2024;11;7;4;5;45;0;1065.39;0.0257372654;0;0;1
127;5221;226.67;17;3;1384;0.0236220472;data anaytics training;2024;11;3;4;1;45;1;1157.33;0.024324842;0;1;0
92;3299;188.58;11;9;1678;0.097826087;data analitics online ;2024;11;27;4;4;48;0;1489.42;0.0278872386;0;0;1
156;5634;247.45;16;5;1925;0.0320512821;data analytics course ;2024;11;8;4;6;45;0;1677.55;0.0276890309;0;1;0
113;5991;211.28;16;3;1499;0.0265486726;learn data analytics  ;2024;11;16;4;7;46;1;1287.72;0.0188616258;0;1;0
84;3917;233.19;13;10;1507;0.119047619;data analytics course ;2024;11;11;4;2;46;0;1273.81;0.0214449834;0;0;1
189;5335;181.46;27;9;1734;0.0476190476;online data analytic  ;2024;11;8;4;6;45;0;1552.54;0.0354264292;1;0;0
149;4550;219.44;11;9;1659;0.0604026846;online data analytic  ;2024;11;16;4;7;46;1;1439.56;0.0327472527;0;1;0
100;5805;181.27;15;4;1195;0.04;learn data analytics  ;2024;11;4;4;2;45;0;1013.73;0.0172265289;0;0;1
105;5156;201.01;25;10;1472;0.0952380952;analytics for data    ;2024;11;11;4;2;46;0;1270.99;0.0203646237;0;0;1
86;5060;249.4;15;4;1761;0.0465116279;data analitics online ;2024;11;15;4;6;46;0;1511.6;0.0169960474;0;1;0
93;5178;245.13;14;5;1080;0.0537634409;data analitics online ;2024;11;8;4;6;45;0;834.87;0.0179606025;1;0;0
180;3076;227.91;12;10;1507;0.0555555556;online data analytic  ;2024;11;5;4;3;45;0;1279.09;0.0585175553;0;0;1
156;3218;235.69;28;6;1289;0.0384615385;data analitics online ;2024;11;16;4;7;46;1;1053.31;0.0484773151;0;1;0
124;4682;207.53;20;3;1550;0.0241935484;online data analytic  ;2024;11;3;4;1;45;1;1342.47;0.0264844084;0;1;0
177;3592;205.25;29;9;1271;0.0508474576;data anaytics training;2024;11;15;4;6;46;0;1065.75;0.0492761693;0;0;1
156;3506;242.9;13;7;1208;0.0448717949;analytics for data    ;2024;11;1;4;6;44;0;965.1;0.0444951512;0;0;1
132;3562;238.34;23;4;1033;0.0303030303;data analytics course ;2024;11;29;4;6;48;0;794.66;0.0370578327;0;1;0
178;4480;203.6;12;3;1155;0.0168539326;analytics for data    ;2024;11;2;4;7;44;1;951.4;0.0397321429;0;1;0
153;3953;237.56;20;6;1388;0.0392156863;learn data analytics  ;2024;11;26;4;3;48;0;1150.44;0.0387047812;0;1;0
187;4891;223.99;14;8;1014;0.0427807487;online data analytic  ;2024;11;26;4;3;48;0;790.01;0.0382334901;1;0;0
155;4976;183.21;10;5;1554;0.0322580645;online data analytic  ;2024;11;13;4;4;46;0;1370.79;0.0311495177;0;1;0
90;5781;200.71;28;5;1504;0.0555555556;data analitics online ;2024;11;7;4;5;45;0;1303.29;0.0155682408;1;0;0
172;3001;210.62;14;4;1192;0.023255814;data analitics online ;2024;11;25;4;2;48;0;981.38;0.0573142286;0;1;0
92;5728;224.5;14;9;1876;0.097826087;online data analytic  ;2024;11;26;4;3;48;0;1651.5;0.0160614525;0;1;0
162;5103;188.15;13;9;1264;0.0555555556;analytics for data    ;2024;11;28;4;5;48;0;1075.85;0.0317460317;1;0;0
193;3131;198.1;22;5;1870;0.0259067358;data analytics course ;2024;11;19;4;3;47;0;1671.9;0.061641648;0;1;0
136;3547;238.34;13;5;1130;0.0367647059;data analitics online ;2024;11;2;4;7;44;1;891.66;0.0383422611;0;0;1
185;4070;200.95;21;5;1503;0.027027027;online data analytic  ;2024;11;7;4;5;45;0;1302.05;0.0454545455;1;0;0
117;3350;243.68;23;5;1204;0.0427350427;analytics for data    ;2024;11;14;4;5;46;0;960.32;0.0349253731;0;0;1
123;4976;244.49;14;4;1579;0.0325203252;analytics for data    ;2024;11;2;4;7;44;1;1334.51;0.0247186495;0;0;1
181;5612;203.66;17;3;1502;0.0165745856;data anaytics training;2024;11;7;4;5;45;0;1298.34;0.0322523165;0;1;0
118;4390;214.04;24;8;1071;0.0677966102;analytics for data    ;2024;11;18;4;2;47;0;856.96;0.0268792711;0;1;0
82;3698;229.12;30;9;1246;0.1097560976;learn data analytics  ;2024;11;20;4;4;47;0;1016.88;0.0221741482;1;0;0
175;4295;195.17;18;6;1939;0.0342857143;data analitics online ;2024;11;27;4;4;48;0;1743.83;0.0407450524;0;1;0
130;3332;202.06;14;5;1184;0.0384615385;online data analytic  ;2024;11;14;4;5;46;0;981.94;0.0390156062;0;0;1
92;4082;186.29;25;5;1046;0.0543478261;online data analytic  ;2024;11;24;4;1;48;1;859.71;0.0225379716;0;1;0
159;4464;204.86;27;3;1963;0.0188679245;analytics for data    ;2024;11;20;4;4;47;0;1758.14;0.0356182796;0;1;0
193;5263;240.5;18;6;1670;0.0310880829;online data analytic  ;2024;11;21;4;5;47;0;1429.5;0.0366711001;0;1;0
98;4371;246.23;25;7;1114;0.0714285714;analytics for data    ;2024;11;14;4;5;46;0;867.77;0.0224204987;0;1;0
176;3657;209.44;19;3;1171;0.0170454545;online data analytic  ;2024;11;7;4;5;45;0;961.56;0.04812688;0;0;1
182;5833;243.72;20;5;1206;0.0274725275;data analytics course ;2024;11;14;4;5;46;0;962.28;0.031201783;0;0;1
85;3077;200.16;11;10;1876;0.1176470588;analytics for data    ;2024;11;23;4;7;47;1;1675.84;0.0276243094;1;0;0
98;3646;239.05;14;6;1586;0.0612244898;data analytics course ;2024;11;14;4;5;46;0;1346.95;0.0268787713;0;0;1
160;3139;230.55;28;5;1449;0.03125;analytics for data    ;2024;11;15;4;6;46;0;1218.45;0.050971647;0;0;1
179;4005;232.47;16;10;1553;0.0558659218;analytics for data    ;2024;11;24;4;1;48;1;1320.53;0.0446941323;0;0;1
143;4315;196.3;24;5;1364;0.034965035;data analytics course ;2024;11;26;4;3;48;0;1167.7;0.0331402086;1;0;0
195;3876;187.59;28;3;1828;0.0153846154;data analytics course ;2024;11;21;4;5;47;0;1640.41;0.0503095975;1;0;0
197;3174;214;22;7;1527;0.0355329949;data analitics online ;2024;11;14;4;5;46;0;1313.0;0.0620667927;0;1;0
92;5550;226.38;28;8;1322;0.0869565217;learn data analytics  ;2024;11;21;4;5;47;0;1095.62;0.0165765766;0;1;0
90;3526;211.39;10;3;1395;0.0333333333;online data analytic  ;2024;11;20;4;4;47;0;1183.61;0.0255246739;0;0;1
149;3192;214;20;4;1708;0.0268456376;online data analytic  ;2024;11;14;4;5;46;0;1494.0;0.046679198;0;1;0
82;4132;247.13;11;6;1091;0.0731707317;data anaytics training;2024;11;12;4;3;46;0;843.87;0.0198451113;0;1;0
151;5826;226.53;16;8;1511;0.0529801325;learn data analytics  ;2024;11;25;4;2;48;0;1284.47;0.0259182973;0;0;1
162;5997;240.29;20;5;1144;0.0308641975;data analitics online ;2024;11;24;4;1;48;1;903.71;0.0270135068;1;0;0
197;4541;243.81;19;9;1701;0.0456852792;data anaytics training;2024;11;11;4;2;46;0;1457.19;0.0433825149;0;0;1
133;4642;184.52;22;4;1074;0.030075188;online data analytic  ;2024;11;14;4;5;46;0;889.48;0.0286514433;0;0;1
194;5509;235.45;18;5;1025;0.0257731959;online data analytic  ;2024;11;12;4;3;46;0;789.55;0.0352151026;0;1;0
169;3647;194.12;12;6;1697;0.0355029586;learn data analytics  ;2024;11;22;4;6;47;0;1502.88;0.0463394571;0;0;1
149;5209;183.91;18;10;1799;0.067114094;learn data analytics  ;2024;11;29;4;6;48;0;1615.09;0.0286043386;0;0;1
124;5980;200.65;25;4;1768;0.0322580645;learn data analytics  ;2024;11;4;4;2;45;0;1567.35;0.020735786;0;0;1
170;5443;235.99;23;5;1314;0.0294117647;analytics for data    ;2024;11;21;4;5;47;0;1078.01;0.031232776;1;0;0
127;5326;226.11;18;10;1040;0.0787401575;online data analytic  ;2024;11;21;4;5;47;0;813.89;0.0238452873;1;0;0
114;5565;210.04;16;4;1800;0.0350877193;data anaytics training;2024;11;7;4;5;45;0;1589.96;0.0204851752;0;0;1
154;3312;203.23;16;5;1977;0.0324675325;data anaytics training;2024;11;4;4;2;45;0;1773.77;0.0464975845;0;0;1
139;4369;225.53;28;4;1241;0.0287769784;data analitics online ;2024;11;23;4;7;47;1;1015.47;0.0318150607;0;1;0
126;3570;214.78;28;9;1078;0.0714285714;data anaytics training;2024;11;12;4;3;46;0;863.22;0.0352941176;0;1;0
143;3883;225.89;23;5;1183;0.034965035;online data analytic  ;2024;11;21;4;5;47;0;957.11;0.0368271955;1;0;0
125;5736;197.28;30;5;1265;0.04;analytics for data    ;2024;11;18;4;2;47;0;1067.72;0.0217921897;1;0;0
197;5921;214.97;18;6;1975;0.0304568528;learn data analytics  ;2024;11;14;4;5;46;0;1760.03;0.0332714069;0;0;1
98;3687;206.7;12;10;1640;0.1020408163;online data analytic  ;2024;11;7;4;5;45;0;1433.3;0.0265798752;1;0;0
164;5334;203.91;18;6;1128;0.0365853659;data analytics course ;2024;11;18;4;2;47;0;924.09;0.0307461567;0;0;1
111;4647;247;15;4;1601;0.036036036;learn data analytics  ;2024;11;29;4;6;48;0;1354.0;0.0238863783;0;0;1
191;3485;212.43;10;7;1813;0.0366492147;analytics for data    ;2024;11;28;4;5;48;0;1600.57;0.0548063128;1;0;0
149;5720;211.54;14;5;1612;0.033557047;data analytics course ;2024;11;29;4;6;48;0;1400.46;0.026048951;0;0;1
183;3540;222.14;15;3;1248;0.0163934426;learn data analytics  ;2024;11;11;4;2;46;0;1025.86;0.0516949153;1;0;0
198;4035;215.94;22;8;1504;0.0404040404;learn data analytics  ;2024;11;10;4;1;46;1;1288.06;0.049070632;1;0;0
170;3024;234.76;11;10;1941;0.0588235294;learn data analytics  ;2024;11;6;4;4;45;0;1706.24;0.0562169312;1;0;0
174;4334;186.29;12;4;1457;0.0229885057;analytics for data    ;2024;11;22;4;6;47;0;1270.71;0.0401476696;1;0;0
91;4038;197.15;23;6;1000;0.0659340659;data analitics online ;2024;11;29;4;6;48;0;802.85;0.0225359089;1;0;0
197;4347;215.2;20;6;1204;0.0304568528;online data analytic  ;2024;11;26;4;3;48;0;988.8;0.0453186105;0;0;1
143;5803;203.03;16;8;1397;0.0559440559;analytics for data    ;2024;11;30;4;7;48;1;1193.97;0.0246424263;1;0;0
152;4182;233.45;19;5;1719;0.0328947368;data analytics course ;2024;11;13;4;4;46;0;1485.55;0.0363462458;1;0;0
189;4809;225.32;27;10;1324;0.0529100529;analytics for data    ;2024;11;18;4;2;47;0;1098.68;0.03930131;1;0;0
136;5640;210.51;13;8;1536;0.0588235294;data analytics course ;2024;11;11;4;2;46;0;1325.49;0.0241134752;0;0;1
159;3401;222.71;18;3;1849;0.0188679245;data analitics online ;2024;11;5;4;3;45;0;1626.29;0.0467509556;0;0;1
175;5561;231.96;20;8;1174;0.0457142857;data analytics course ;2024;11;14;4;5;46;0;942.04;0.0314691602;1;0;0
175;5720;243.8;17;6;1507;0.0342857143;data analitics online ;2024;11;26;4;3;48;0;1263.2;0.0305944056;0;0;1
82;4898;215.11;25;8;1776;0.0975609756;analytics for data    ;2024;11;9;4;7;45;1;1560.89;0.0167415272;0;1;0
146;5871;218.69;30;4;1507;0.0273972603;learn data analytics  ;2024;11;22;4;6;47;0;1288.31;0.0248679952;0;0;1
85;5954;201.88;18;6;1526;0.0705882353;analytics for data    ;2024;11;27;4;4;48;0;1324.12;0.0142761169;0;1;0
128;3487;236.19;25;6;1961;0.046875;data analytics course ;2024;11;2;4;7;44;1;1724.81;0.0367077717;0;1;0
153;3808;189.61;19;8;1246;0.0522875817;data analytics course ;2024;11;2;4;7;44;1;1056.39;0.0401785714;0;1;0
192;5720;243.11;30;9;1555;0.046875;online data analytic  ;2024;11;2;4;7;44;1;1311.89;0.0335664336;1;0;0
148;4721;189.48;26;8;1176;0.0540540541;online data analytic  ;2024;11;1;4;6;44;0;986.52;0.0313492904;1;0;0
153;4768;214.39;25;5;1837;0.0326797386;data analitics online ;2024;11;26;4;3;48;0;1622.61;0.0320889262;0;1;0
139;5494;187.68;23;8;1402;0.0575539568;data analytics course ;2024;11;24;4;1;48;1;1214.32;0.0253003276;0;1;0
169;4549;180.58;30;7;1661;0.0414201183;data anaytics training;2024;11;26;4;3;48;0;1480.42;0.0371510222;1;0;0
146;5173;234.26;20;7;1089;0.0479452055;online data analytic  ;2024;11;28;4;5;48;0;854.74;0.028223468;1;0;0
81;4808;189.19;17;9;1759;0.1111111111;online data analytic  ;2024;11;25;4;2;48;0;1569.81;0.0168469218;0;0;1
185;4538;234.72;18;6;1508;0.0324324324;data analitics online ;2024;11;27;4;4;48;0;1273.28;0.0407668576;0;0;1
90;5319;208.19;13;7;1719;0.0777777778;data anaytics training;2024;11;26;4;3;48;0;1510.81;0.0169204738;0;1;0
155;4532;203.44;19;8;1709;0.0516129032;learn data analytics  ;2024;11;17;4;1;47;1;1505.56;0.0342012357;0;0;1
125;3458;180.49;19;3;1754;0.024;data analitics online ;2024;11;9;4;7;45;1;1573.51;0.0361480625;0;1;0
151;5432;204.76;18;9;1504;0.059602649;data anaytics training;2024;11;13;4;4;46;0;1299.24;0.0277982327;1;0;0
82;3052;211.11;12;3;1917;0.0365853659;learn data analytics  ;2024;11;6;4;4;45;0;1705.89;0.0268676278;0;0;1
198;5718;194.37;13;8;1118;0.0404040404;data anaytics training;2024;11;16;4;7;46;1;923.63;0.0346274921;0;1;0
115;4762;241.63;20;8;1555;0.0695652174;data analytics course ;2024;11;3;4;1;45;1;1313.37;0.024149517;0;0;1
158;4953;243.07;20;8;1955;0.0506329114;learn data analytics  ;2024;11;4;4;2;45;0;1711.93;0.0318998587;0;1;0
102;3784;219.45;13;9;1967;0.0882352941;data analytics course ;2024;11;20;4;4;47;0;1747.55;0.0269556025;0;0;1
93;4538;192.81;22;7;1726;0.0752688172;learn data analytics  ;2024;11;18;4;2;47;0;1533.19;0.0204936095;0;0;1
198;5860;185.25;24;9;1950;0.0454545455;data anaytics training;2024;11;1;4;6;44;0;1764.75;0.0337883959;0;1;0
174;4169;189.36;23;8;1110;0.0459770115;data analytics course ;2024;11;14;4;5;46;0;920.64;0.0417366275;0;1;0
193;5831;217.98;24;5;1265;0.0259067358;online data analytic  ;2024;11;14;4;5;46;0;1047.02;0.0330989539;1;0;0
117;5269;196.1;26;7;1096;0.0598290598;online data analytic  ;2024;11;5;4;3;45;0;899.9;0.0222053521;0;0;1
147;5793;240.32;25;5;1645;0.0340136054;data analytics course ;2024;11;27;4;4;48;0;1404.68;0.0253754531;0;1;0
179;3338;218.33;30;7;1507;0.0391061453;data analitics online ;2024;11;24;4;1;48;1;1288.67;0.0536249251;0;0;1
194;4297;237.87;22;3;1739;0.0154639175;data analytics course ;2024;11;29;4;6;48;0;1501.13;0.0451477775;0;0;1
112;3961;214.45;13;7;1594;0.0625;analytics for data    ;2024;11;17;4;1;47;1;1379.55;0.028275688;0;0;1
88;5063;195.2;22;3;1460;0.0340909091;analytics for data    ;2024;11;20;4;4;47;0;1264.8;0.0173809994;1;0;0
172;5635;200.16;21;7;1727;0.0406976744;data analitics online ;2024;11;14;4;5;46;0;1526.84;0.0305235138;1;0;0
81;4404;239.62;11;4;1814;0.049382716;data analytics course ;2024;11;21;4;5;47;0;1574.38;0.0183923706;1;0;0
142;4312;213.54;21;7;1666;0.0492957746;learn data analytics  ;2024;11;20;4;4;47;0;1452.46;0.0329313544;0;0;1
111;3302;193.18;30;10;1783;0.0900900901;analytics for data    ;2024;11;19;4;3;47;0;1589.82;0.0336159903;1;0;0
81;3575;192.71;27;4;1158;0.049382716;online data analytic  ;2024;11;11;4;2;46;0;965.29;0.0226573427;0;1;0
112;5055;213.36;26;5;1959;0.0446428571;data anaytics training;2024;11;29;4;6;48;0;1745.64;0.0221562809;0;0;1
101;5415;236.41;13;10;1832;0.099009901;learn data analytics  ;2024;11;15;4;6;46;0;1595.59;0.0186518929;0;1;0
166;3118;212.46;25;7;1813;0.0421686747;online data analytic  ;2024;11;14;4;5;46;0;1600.54;0.0532392559;0;1;0
143;5271;217.98;14;8;1629;0.0559440559;data analitics online ;2024;11;22;4;6;47;0;1411.02;0.0271295769;1;0;0
148;4480;214.26;21;8;1629;0.0540540541;data analitics online ;2024;11;13;4;4;46;0;1414.74;0.0330357143;0;1;0
126;5250;239.73;30;4;1070;0.0317460317;analytics for data    ;2024;11;23;4;7;47;1;830.27;0.024;0;1;0
119;4405;233.66;25;3;1407;0.025210084;data analytics course ;2024;11;12;4;3;46;0;1173.34;0.027014756;0;0;1
189;5060;236.54;26;7;1877;0.037037037;data anaytics training;2024;11;10;4;1;46;1;1640.46;0.0373517787;1;0;0
167;3296;246.85;29;8;1723;0.0479041916;data analitics online ;2024;11;17;4;1;47;1;1476.15;0.0506674757;0;0;1
198;3499;209.74;30;9;1893;0.0454545455;data analytics course ;2024;11;25;4;2;48;0;1683.26;0.0565875965;0;0;1
95;3449;184.55;10;10;1601;0.1052631579;analytics for data    ;2024;11;16;4;7;46;1;1416.45;0.0275442157;1;0;0
181;3738;206.61;16;9;1868;0.0497237569;online data analytic  ;2024;11;9;4;7;45;1;1661.39;0.0484216158;1;0;0
105;4236;180.2;12;7;1504;0.0666666667;learn data analytics  ;2024;11;24;4;1;48;1;1323.8;0.0247875354;1;0;0
178;5751;205.34;24;10;1903;0.0561797753;data analytics course ;2024;11;20;4;4;47;0;1697.66;0.0309511389;0;0;1
127;5050;184.77;28;9;1906;0.0708661417;data analitics online ;2024;11;2;4;7;44;1;1721.23;0.0251485149;0;0;1
198;4773;202.54;17;10;1082;0.0505050505;data analitics online ;2024;11;19;4;3;47;0;879.46;0.0414833438;1;0;0
86;5652;249.13;25;7;1981;0.0813953488;data anaytics training;2024;11;6;4;4;45;0;1731.87;0.0152158528;1;0;0
136;5085;182.42;11;7;1109;0.0514705882;online data analytic  ;2024;11;4;4;2;45;0;926.58;0.0267453294;0;0;1
191;5070;247.41;12;4;1266;0.0209424084;analytics for data    ;2024;11;25;4;2;48;0;1018.59;0.0376725838;1;0;0
139;5879;197.9;24;4;1476;0.0287769784;data analytics course ;2024;11;5;4;3;45;0;1278.1;0.0236434768;1;0;0
197;3620;235.19;18;7;1740;0.0355329949;online data analytic  ;2024;11;1;4;6;44;0;1504.81;0.0544198895;1;0;0
116;4250;216.66;10;9;1877;0.0775862069;data anaytics training;2024;11;2;4;7;44;1;1660.34;0.0272941176;1;0;0
192;4850;235.42;22;10;1124;0.0520833333;analytics for data    ;2024;11;14;4;5;46;0;888.58;0.0395876289;0;0;1
118;3815;185.78;16;4;1093;0.0338983051;data analitics online ;2024;11;17;4;1;47;1;907.22;0.0309305374;0;0;1
172;5741;198.44;14;4;1755;0.023255814;analytics for data    ;2024;11;11;4;2;46;0;1556.56;0.0299599373;0;0;1
174;4272;240.77;16;7;1004;0.0402298851;learn data analytics  ;2024;11;23;4;7;47;1;763.23;0.0407303371;0;0;1
175;4974;182.22;21;5;1300;0.0285714286;learn data analytics  ;2024;11;23;4;7;47;1;1117.78;0.0351829513;1;0;0
136;3215;191.22;30;7;1588;0.0514705882;analytics for data    ;2024;11;23;4;7;47;1;1396.78;0.0423017107;0;0;1
139;3723;201.32;21;8;1502;0.0575539568;data analytics course ;2024;11;6;4;4;45;0;1300.68;0.0373354821;0;1;0
103;4670;203.4;21;4;1562;0.0388349515;analytics for data    ;2024;11;25;4;2;48;0;1358.6;0.0220556745;1;0;0
187;4474;182.47;10;6;1768;0.0320855615;online data analytic  ;2024;11;13;4;4;46;0;1585.53;0.0417970496;0;1;0
139;3009;195.17;20;6;1083;0.0431654676;data analitics online ;2024;11;23;4;7;47;1;887.83;0.0461947491;0;1;0
109;3933;189.73;11;4;1700;0.0366972477;data analitics online ;2024;11;7;4;5;45;0;1510.27;0.0277142131;0;0;1
118;4360;232.09;10;9;1252;0.0762711864;data anaytics training;2024;11;13;4;4;46;0;1019.91;0.0270642202;0;0;1
164;5120;185.69;10;5;1597;0.0304878049;analytics for data    ;2024;11;23;4;7;47;1;1411.31;0.03203125;0;1;0
166;3887;192;24;9;1890;0.0542168675;data analytics course ;2024;11;13;4;4;46;0;1698.0;0.0427064574;0;1;0
88;3909;189.57;30;10;1750;0.1136363636;data anaytics training;2024;11;29;4;6;48;0;1560.43;0.0225121514;0;0;1
125;3017;232.51;14;7;1510;0.056;data anaytics training;2024;11;8;4;6;45;0;1277.49;0.041431886;0;1;0
136;5127;206.95;26;5;1902;0.0367647059;online data analytic  ;2024;11;17;4;1;47;1;1695.05;0.0265262337;0;0;1
151;3992;212.42;10;9;1890;0.059602649;learn data analytics  ;2024;11;26;4;3;48;0;1677.58;0.0378256513;0;1;0
182;3554;181.74;18;4;1933;0.021978022;learn data analytics  ;2024;11;2;4;7;44;1;1751.26;0.0512099043;0;1;0
84;4051;196.83;21;4;1094;0.0476190476;online data analytic  ;2024;11;14;4;5;46;0;897.17;0.0207356208;1;0;0
127;3541;239.47;16;10;1474;0.0787401575;data anaytics training;2024;11;25;4;2;48;0;1234.53;0.0358655747;0;1;0
104;5878;228.79;21;3;1101;0.0288461538;data analytics course ;2024;11;5;4;3;45;0;872.21;0.0176930929;1;0;0
161;4611;228.34;26;7;1473;0.0434782609;data analitics online ;2024;11;25;4;2;48;0;1244.66;0.034916504;0;1;0
141;4764;187.72;28;4;1428;0.0283687943;analytics for data    ;2024;11;16;4;7;46;1;1240.28;0.0295969773;1;0;0
186;4603;191.84;26;9;1918;0.0483870968;learn data analytics  ;2024;11;7;4;5;45;0;1726.16;0.0404084293;0;0;1
136;5003;195.4;15;7;1273;0.0514705882;data anaytics training;2024;11;18;4;2;47;0;1077.6;0.0271836898;0;0;1
124;5212;190.83;13;6;1399;0.0483870968;data analytics course ;2024;11;7;4;5;45;0;1208.17;0.023791251;0;0;1
97;5285;249.65;12;7;1411;0.0721649485;data anaytics training;2024;11;27;4;4;48;0;1161.35;0.0183538316;0;0;1
111;3177;224.51;18;8;1946;0.0720720721;learn data analytics  ;2024;11;25;4;2;48;0;1721.49;0.0349386213;0;0;1
93;5571;185.71;12;7;1630;0.0752688172;online data analytic  ;2024;11;21;4;5;47;0;1444.29;0.0166935918;0;1;0
92;3237;245.48;15;6;1507;0.0652173913;data analitics online ;2024;11;19;4;3;47;0;1261.52;0.0284213778;0;0;1
138;5314;198.39;17;10;1250;0.0724637681;online data analytic  ;2024;11;20;4;4;47;0;1051.61;0.0259691381;0;0;1
129;4452;196.06;10;9;1069;0.0697674419;learn data analytics  ;2024;11;13;4;4;46;0;872.94;0.0289757412;0;1;0
183;3920;235.79;20;7;1238;0.0382513661;data anaytics training;2024;11;17;4;1;47;1;1002.21;0.0466836735;1;0;0
154;4603;214;20;3;1709;0.0194805195;data analytics course ;2024;11;18;4;2;47;0;1495.0;0.0334564415;0;1;0
95;4938;204.5;12;6;1494;0.0631578947;data anaytics training;2024;11;18;4;2;47;0;1289.5;0.0192385581;0;1;0
173;5291;217.98;23;8;1557;0.0462427746;data analitics online ;2024;11;13;4;4;46;0;1339.02;0.0326970327;1;0;0
112;4072;211.56;17;10;1229;0.0892857143;analytics for data    ;2024;11;1;4;6;44;0;1017.44;0.0275049116;0;0;1
170;5953;186.11;25;8;1080;0.0470588235;data analitics online ;2024;11;26;4;3;48;0;893.89;0.0285570301;1;0;0
96;4549;232.87;20;10;1162;0.1041666667;learn data analytics  ;2024;11;14;4;5;46;0;929.13;0.0211035392;1;0;0
113;3104;230.92;28;9;1422;0.0796460177;data analytics course ;2024;11;27;4;4;48;0;1191.08;0.0364046392;0;1;0
145;4882;217.25;22;3;1814;0.0206896552;analytics for data    ;2024;11;19;4;3;47;0;1596.75;0.0297009422;1;0;0
83;3212;243.86;25;4;1612;0.0481927711;data analytics course ;2024;11;19;4;3;47;0;1368.14;0.0258405978;1;0;0
90;4973;181.04;23;5;1039;0.0555555556;online data analytic  ;2024;11;3;4;1;45;1;857.96;0.0180977277;0;0;1
140;5227;222.57;27;3;1527;0.0214285714;learn data analytics  ;2024;11;18;4;2;47;0;1304.43;0.0267840061;0;0;1
111;5434;181.05;10;5;1627;0.045045045;data anaytics training;2024;11;23;4;7;47;1;1445.95;0.0204269415;1;0;0
105;3300;180.25;22;10;1640;0.0952380952;online data analytic  ;2024;11;21;4;5;47;0;1459.75;0.0318181818;1;0;0
181;4857;215.59;13;8;1883;0.044198895;learn data analytics  ;2024;11;23;4;7;47;1;1667.41;0.0372658019;0;0;1
189;4019;248.09;16;6;1378;0.0317460317;online data analytic  ;2024;11;30;4;7;48;1;1129.91;0.0470266235;0;1;0
138;5495;220.69;19;5;1624;0.0362318841;online data analytic  ;2024;11;4;4;2;45;0;1403.31;0.0251137398;0;1;0
178;5218;208.92;20;7;1714;0.0393258427;analytics for data    ;2024;11;25;4;2;48;0;1505.08;0.0341126869;1;0;0
155;5996;247.54;15;5;1883;0.0322580645;analytics for data    ;2024;11;27;4;4;48;0;1635.46;0.025850567;1;0;0
168;4932;198.95;16;7;1301;0.0416666667;data anaytics training;2024;11;19;4;3;47;0;1102.05;0.0340632603;0;0;1
152;4498;233.81;30;6;1090;0.0394736842;data analitics online ;2024;11;25;4;2;48;0;856.19;0.0337927968;0;0;1
111;4164;191.04;18;9;1687;0.0810810811;data anaytics training;2024;11;21;4;5;47;0;1495.96;0.0266570605;0;1;0
141;4329;230.44;14;6;1610;0.0425531915;learn data analytics  ;2024;11;7;4;5;45;0;1379.56;0.0325710326;1;0;0
97;5764;246.15;30;7;1345;0.0721649485;analytics for data    ;2024;11;18;4;2;47;0;1098.85;0.0168285913;1;0;0
82;5430;205.46;18;5;1435;0.0609756098;online data analytic  ;2024;11;30;4;7;48;1;1229.54;0.0151012891;1;0;0
164;5179;206.72;18;9;1213;0.0548780488;data analytics course ;2024;11;27;4;4;48;0;1006.28;0.0316663449;0;1;0
109;5707;246.86;22;4;1980;0.0366972477;data analitics online ;2024;11;19;4;3;47;0;1733.14;0.0190993517;0;1;0
126;3263;237.54;20;9;1364;0.0714285714;data analitics online ;2024;11;17;4;1;47;1;1126.46;0.0386147717;1;0;0
175;5718;225.4;19;6;1001;0.0342857143;analytics for data    ;2024;11;12;4;3;46;0;775.6;0.0306051067;0;1;0
96;5075;221.28;25;3;1937;0.03125;learn data analytics  ;2024;11;23;4;7;47;1;1715.72;0.0189162562;0;0;1
113;4473;202.3;17;5;1049;0.0442477876;online data analytic  ;2024;11;8;4;6;45;0;846.7;0.0252626872;0;1;0
96;3979;232.44;27;7;1140;0.0729166667;learn data analytics  ;2024;11;30;4;7;48;1;907.56;0.024126665;1;0;0
162;5688;190.31;17;5;1556;0.0308641975;data analytics course ;2024;11;25;4;2;48;0;1365.69;0.0284810127;0;1;0
125;3546;234.02;23;10;1072;0.08;analytics for data    ;2024;11;27;4;4;48;0;837.98;0.035250987;0;0;1
89;4188;206.71;16;4;1382;0.0449438202;online data analytic  ;2024;11;1;4;6;44;0;1175.29;0.0212511939;0;1;0
99;4134;234.04;18;3;1683;0.0303030303;learn data analytics  ;2024;11;30;4;7;48;1;1448.96;0.0239477504;0;0;1
91;4710;199.18;21;9;1431;0.0989010989;data analytics course ;2024;11;10;4;1;46;1;1231.82;0.0193205945;0;1;0
141;4654;192.19;21;6;1932;0.0425531915;analytics for data    ;2024;11;25;4;2;48;0;1739.81;0.0302965191;1;0;0
110;5509;245.38;13;8;1539;0.0727272727;learn data analytics  ;2024;11;10;4;1;46;1;1293.62;0.0199673262;1;0;0
96;3091;187.57;11;6;1737;0.0625;data analytics course ;2024;11;10;4;1;46;1;1549.43;0.0310579101;0;1;0
85;4653;196.73;23;6;1032;0.0705882353;data analytics course ;2024;11;13;4;4;46;0;835.27;0.0182677842;1;0;0
151;5389;227.07;18;10;1318;0.0662251656;data anaytics training;2024;11;20;4;4;47;0;1090.93;0.0280200408;0;0;1
139;5290;208.43;28;4;1022;0.0287769784;data analitics online ;2024;11;20;4;4;47;0;813.57;0.0262759924;0;1;0
120;3060;197.96;20;8;1679;0.0666666667;analytics for data    ;2024;11;23;4;7;47;1;1481.04;0.0392156863;0;1;0
109;4444;219.46;12;9;1159;0.0825688073;data anaytics training;2024;11;28;4;5;48;0;939.54;0.0245274527;1;0;0
145;3509;181.11;19;10;1627;0.0689655172;online data analytic  ;2024;11;22;4;6;47;0;1445.89;0.041322314;1;0;0
151;4675;183.02;14;7;1000;0.0463576159;analytics for data    ;2024;11;10;4;1;46;1;816.98;0.0322994652;1;0;0
108;5869;226.93;16;7;1633;0.0648148148;analytics for data    ;2024;11;3;4;1;45;1;1406.07;0.018401772;0;0;1
166;3992;205.9;15;8;1899;0.0481927711;analytics for data    ;2024;11;5;4;3;45;0;1693.1;0.0415831663;0;0;1
134;4172;191.8;26;5;1170;0.0373134328;online data analytic  ;2024;11;18;4;2;47;0;978.2;0.0321188878;0;1;0
104;5926;224.63;17;8;1239;0.0769230769;learn data analytics  ;2024;11;24;4;1;48;1;1014.37;0.0175497806;1;0;0
139;5785;195.39;15;10;1296;0.071942446;analytics for data    ;2024;11;25;4;2;48;0;1100.61;0.0240276577;0;1;0
160;5664;210.58;16;9;1836;0.05625;data anaytics training;2024;11;7;4;5;45;0;1625.42;0.0282485876;1;0;0
147;5930;248.18;22;10;1743;0.0680272109;analytics for data    ;2024;11;15;4;6;46;0;1494.82;0.0247892074;0;0;1
196;3656;240.44;15;6;1894;0.0306122449;analytics for data    ;2024;11;3;4;1;45;1;1653.56;0.0536105033;0;1;0
159;5078;182.57;30;8;1541;0.0503144654;data analytics course ;2024;11;9;4;7;45;1;1358.43;0.03131154;1;0;0
104;5257;220.44;17;7;1462;0.0673076923;data analitics online ;2024;11;27;4;4;48;0;1241.56;0.0197831463;1;0;0
135;5582;209.14;28;5;1912;0.037037037;online data analytic  ;2024;11;25;4;2;48;0;1702.86;0.02418488;0;1;0
92;3097;232.27;21;7;1905;0.0760869565;analytics for data    ;2024;11;14;4;5;46;0;1672.73;0.0297061673;0;0;1
136;3657;236.19;12;5;1425;0.0367647059;online data analytic  ;2024;11;6;4;4;45;0;1188.81;0.0371889527;1;0;0
135;3198;227.48;20;6;1882;0.0444444444;online data analytic  ;2024;11;9;4;7;45;1;1654.52;0.0422138837;0;0;1
91;5017;239.34;15;5;1502;0.0549450549;analytics for data    ;2024;11;2;4;7;44;1;1262.66;0.0181383297;0;1;0
181;5343;244.02;30;9;1639;0.0497237569;learn data analytics  ;2024;11;26;4;3;48;0;1394.98;0.0338760996;1;0;0
143;4896;207.51;17;7;1504;0.048951049;data analitics online ;2024;11;11;4;2;46;0;1296.49;0.0292075163;1;0;0
80;5756;205.38;16;4;1778;0.05;online data analytic  ;2024;11;20;4;4;47;0;1572.62;0.0138985407;0;0;1
155;5696;236.44;13;3;1207;0.0193548387;data analitics online ;2024;11;23;4;7;47;1;970.56;0.0272120787;1;0;0
114;5683;214.42;20;8;1474;0.0701754386;learn data analytics  ;2024;11;8;4;6;45;0;1259.58;0.0200598276;1;0;0
98;4669;205.72;16;6;1767;0.0612244898;analytics for data    ;2024;11;30;4;7;48;1;1561.28;0.0209895052;0;0;1
125;3807;234.92;11;6;1504;0.048;online data analytic  ;2024;11;29;4;6;48;0;1269.08;0.0328342527;1;0;0
160;3163;238.95;20;8;1569;0.05;online data analytic  ;2024;11;26;4;3;48;0;1330.05;0.0505848878;0;0;1
175;3732;231.25;16;10;1014;0.0571428571;learn data analytics  ;2024;11;15;4;6;46;0;782.75;0.0468917471;1;0;0
123;3860;224.63;24;8;1800;0.0650406504;analytics for data    ;2024;11;15;4;6;46;0;1575.37;0.031865285;0;0;1
106;3196;212.12;15;6;1314;0.0566037736;analytics for data    ;2024;11;23;4;7;47;1;1101.88;0.0331664581;0;1;0
139;3322;205.85;24;4;1031;0.0287769784;data anaytics training;2024;11;9;4;7;45;1;825.15;0.0418422637;0;1;0
185;5121;215.46;12;9;1724;0.0486486486;data analytics course ;2024;11;2;4;7;44;1;1508.54;0.0361257567;1;0;0
139;5610;239.44;17;6;1548;0.0431654676;online data analytic  ;2024;11;14;4;5;46;0;1308.56;0.0247771836;0;1;0
174;3890;186.04;28;7;1793;0.0402298851;online data analytic  ;2024;11;21;4;5;47;0;1606.96;0.0447300771;0;1;0
157;4671;248.17;14;7;1247;0.0445859873;data anaytics training;2024;11;3;4;1;45;1;998.83;0.0336116463;1;0;0
160;5438;197.5;16;6;1752;0.0375;data analytics course ;2024;11;3;4;1;45;1;1554.5;0.0294225818;0;1;0
198;4726;185.13;14;6;1580;0.0303030303;learn data analytics  ;2024;11;17;4;1;47;1;1394.87;0.041895895;0;1;0
144;5301;195.83;12;3;1654;0.0208333333;data analitics online ;2024;11;27;4;4;48;0;1458.17;0.0271646859;0;1;0
187;3722;182.43;27;7;1613;0.0374331551;data anaytics training;2024;11;20;4;4;47;0;1430.57;0.0502418055;1;0;0
139;3944;214;29;3;1863;0.0215827338;analytics for data    ;2024;11;4;4;2;45;0;1649.0;0.0352434077;0;1;0
194;5123;180.01;27;5;1978;0.0257731959;learn data analytics  ;2024;11;5;4;3;45;0;1797.99;0.0378684365;1;0;0
157;4127;200.44;30;8;1044;0.050955414;data anaytics training;2024;11;15;4;6;46;0;843.56;0.0380421614;0;0;1
112;4944;233.83;19;4;1296;0.0357142857;data anaytics training;2024;11;27;4;4;48;0;1062.17;0.0226537217;0;1;0
82;4534;203.89;10;6;1589;0.0731707317;online data analytic  ;2024;11;26;4;3;48;0;1385.11;0.0180855757;0;1;0
152;5894;219.23;14;5;1641;0.0328947368;data anaytics training;2024;11;13;4;4;46;0;1421.77;0.0257889379;1;0;0
81;5545;212.89;11;5;1818;0.0617283951;data analitics online ;2024;11;15;4;6;46;0;1605.11;0.0146077547;1;0;0
84;5573;214.29;23;6;1656;0.0714285714;online data analytic  ;2024;11;12;4;3;46;0;1441.71;0.0150726718;0;0;1
117;3039;223.72;27;8;1340;0.0683760684;data anaytics training;2024;11;14;4;5;46;0;1116.28;0.0384995064;1;0;0
82;3556;217.98;16;5;1331;0.0609756098;data analitics online ;2024;11;17;4;1;47;1;1113.02;0.0230596175;1;0;0
192;4920;192.15;18;10;1665;0.0520833333;data analitics online ;2024;11;9;4;7;45;1;1472.85;0.0390243902;1;0;0
131;3187;234.53;24;10;1656;0.0763358779;data analytics course ;2024;11;7;4;5;45;0;1421.47;0.041104487;1;0;0
177;3238;189.61;29;7;1925;0.0395480226;data analitics online ;2024;11;27;4;4;48;0;1735.39;0.0546633725;0;1;0
136;4538;182.66;22;10;1482;0.0735294118;learn data analytics  ;2024;11;24;4;1;48;1;1299.34;0.0299691494;0;0;1
147;4507;190.42;27;8;1073;0.0544217687;learn data analytics  ;2024;11;5;4;3;45;0;882.58;0.0326159308;0;0;1
143;3606;200.29;20;3;1550;0.020979021;learn data analytics  ;2024;11;20;4;4;47;0;1349.71;0.0396561287;1;0;0
143;3355;186.9;20;4;1524;0.027972028;online data analytic  ;2024;11;10;4;1;46;1;1337.1;0.0426229508;1;0;0
160;3711;214.41;10;6;1550;0.0375;analytics for data    ;2024;11;7;4;5;45;0;1335.59;0.0431150633;1;0;0
172;4841;234.94;28;8;1258;0.0465116279;analytics for data    ;2024;11;12;4;3;46;0;1023.06;0.0355298492;0;0;1
95;5411;182.58;13;4;1111;0.0421052632;data anaytics training;2024;11;30;4;7;48;1;928.42;0.0175568287;0;1;0
111;3520;237.4;13;3;1395;0.027027027;online data analytic  ;2024;11;19;4;3;47;0;1157.6;0.0315340909;1;0;0
171;3460;184.14;27;9;1565;0.0526315789;data analitics online ;2024;11;16;4;7;46;1;1380.86;0.0494219653;0;1;0
145;5875;221;14;7;1230;0.0482758621;learn data analytics  ;2024;11;24;4;1;48;1;1009.0;0.0246808511;0;0;1
118;3404;183.15;27;7;1489;0.0593220339;learn data analytics  ;2024;11;21;4;5;47;0;1305.85;0.0346650999;0;1;0
171;3567;233.32;27;4;1271;0.0233918129;analytics for data    ;2024;11;5;4;3;45;0;1037.68;0.0479394449;0;0;1
108;3628;185.68;24;8;1682;0.0740740741;learn data analytics  ;2024;11;19;4;3;47;0;1496.32;0.0297684675;0;1;0
100;4994;206.32;21;7;1673;0.07;learn data analytics  ;2024;11;20;4;4;47;0;1466.68;0.0200240288;0;1;0
138;5758;193.53;14;4;1902;0.0289855072;analytics for data    ;2024;11;15;4;6;46;0;1708.47;0.0239666551;0;1;0
88;3382;198.62;25;9;1599;0.1022727273;data anaytics training;2024;11;10;4;1;46;1;1400.38;0.0260201064;0;0;1
125;3652;186.61;29;10;1017;0.08;learn data analytics  ;2024;11;29;4;6;48;0;830.39;0.0342278204;1;0;0
169;4120;215.75;27;5;1362;0.0295857988;analytics for data    ;2024;11;19;4;3;47;0;1146.25;0.0410194175;1;0;0
169;3142;236.79;18;7;1504;0.0414201183;data analitics online ;2024;11;6;4;4;45;0;1267.21;0.0537873966;1;0;0
149;5726;235.72;17;7;1902;0.0469798658;data analitics online ;2024;11;11;4;2;46;0;1666.28;0.0260216556;1;0;0
99;5938;183.49;30;3;1487;0.0303030303;data analitics online ;2024;11;18;4;2;47;0;1303.51;0.0166722802;1;0;0
177;3567;214.71;28;5;1001;0.0282485876;analytics for data    ;2024;11;11;4;2;46;0;786.29;0.0496215307;0;1;0
189;3215;224.53;23;7;1309;0.037037037;online data analytic  ;2024;11;15;4;6;46;0;1084.47;0.0587869362;0;0;1
94;5094;214.29;24;3;1974;0.0319148936;online data analytic  ;2024;11;9;4;7;45;1;1759.71;0.0184530821;0;0;1
191;3337;231;29;6;1424;0.0314136126;data analytics course ;2024;11;18;4;2;47;0;1193.0;0.0572370393;0;1;0
83;4359;227.14;20;10;1507;0.1204819277;data analitics online ;2024;11;2;4;7;44;1;1279.86;0.0190410645;0;0;1
148;4813;212.78;12;7;1833;0.0472972973;online data analytic  ;2024;11;23;4;7;47;1;1620.22;0.0307500519;1;0;0
125;4300;221.37;16;10;1066;0.08;data analytics course ;2024;11;27;4;4;48;0;844.63;0.0290697674;0;1;0
105;4094;183.47;11;6;1817;0.0571428571;online data analytic  ;2024;11;25;4;2;48;0;1633.53;0.0256472887;1;0;0
84;4263;234.62;29;9;1599;0.1071428571;learn data analytics  ;2024;11;18;4;2;47;0;1364.38;0.0197044335;1;0;0
114;3472;242.89;16;10;1642;0.0877192982;analytics for data    ;2024;11;28;4;5;48;0;1399.11;0.0328341014;0;1;0
129;4411;180.17;28;5;1173;0.0387596899;data analitics online ;2024;11;10;4;1;46;1;992.83;0.0292450691;0;0;1
128;4787;204.29;20;7;1880;0.0546875;data anaytics training;2024;11;29;4;6;48;0;1675.71;0.026739085;0;0;1
120;5915;241.95;26;3;1253;0.025;analytics for data    ;2024;11;25;4;2;48;0;1011.05;0.0202874049;0;0;1
99;4111;192.09;14;5;1497;0.0505050505;analytics for data    ;2024;11;19;4;3;47;0;1304.91;0.0240817319;1;0;0
180;3305;187.59;14;10;1507;0.0555555556;data analitics online ;2024;11;19;4;3;47;0;1319.41;0.0544629349;0;0;1
154;3510;211.16;26;10;1167;0.0649350649;online data analytic  ;2024;11;14;4;5;46;0;955.84;0.0438746439;0;1;0
89;3265;234.51;29;8;1502;0.0898876404;data analytics course ;2024;11;28;4;5;48;0;1267.49;0.0272588055;0;1;0
136;5977;249.89;15;9;1477;0.0661764706;analytics for data    ;2024;11;28;4;5;48;0;1227.11;0.0227538899;0;1;0
177;5409;181.75;19;4;1793;0.0225988701;data analytics course ;2024;11;3;4;1;45;1;1611.25;0.032723239;0;1;0
145;5523;217.98;10;7;1668;0.0482758621;data anaytics training;2024;11;19;4;3;47;0;1450.02;0.0262538475;1;0;0
152;5421;248.08;16;6;1752;0.0394736842;analytics for data    ;2024;11;27;4;4;48;0;1503.92;0.0280391072;1;0;0
187;5181;227.15;18;10;1516;0.0534759358;data anaytics training;2024;11;25;4;2;48;0;1288.85;0.0360934183;0;1;0
91;5484;198.25;16;6;1981;0.0659340659;data anaytics training;2024;11;20;4;4;47;0;1782.75;0.0165937272;1;0;0
180;5545;238.85;30;10;1971;0.0555555556;data analytics course ;2024;11;24;4;1;48;1;1732.15;0.0324616772;0;0;1
122;4295;214.29;24;6;1349;0.0491803279;data analytics course ;2024;11;10;4;1;46;1;1134.71;0.0284051222;0;0;1
139;4314;194.56;21;9;1211;0.0647482014;data anaytics training;2024;11;9;4;7;45;1;1016.44;0.0322206769;0;1;0
157;4111;208.46;27;8;1187;0.050955414;data anaytics training;2024;11;5;4;3;45;0;978.54;0.0381902214;0;1;0
178;5640;195.8;25;4;1807;0.0224719101;data analitics online ;2024;11;22;4;6;47;0;1611.2;0.0315602837;1;0;0
94;3805;198.19;12;8;1523;0.085106383;data analytics course ;2024;11;10;4;1;46;1;1324.81;0.0247043364;0;1;0
130;4561;196.04;25;9;1388;0.0692307692;analytics for data    ;2024;11;18;4;2;47;0;1191.96;0.0285025214;0;0;1
169;5865;200.36;19;5;1482;0.0295857988;online data analytic  ;2024;11;30;4;7;48;1;1281.64;0.0288150043;1;0;0
176;5275;241.12;14;8;1995;0.0454545455;data analitics online ;2024;11;15;4;6;46;0;1753.88;0.0333649289;1;0;0
143;4964;207.66;21;10;1619;0.0699300699;analytics for data    ;2024;11;13;4;4;46;0;1411.34;0.0288074134;0;1;0
153;5292;225.98;21;9;1223;0.0588235294;data analytics course ;2024;11;10;4;1;46;1;997.02;0.0289115646;1;0;0
96;5568;210.99;19;10;1317;0.1041666667;learn data analytics  ;2024;11;21;4;5;47;0;1106.01;0.0172413793;0;0;1
96;4849;198.41;13;5;1198;0.0520833333;online data analytic  ;2024;11;27;4;4;48;0;999.59;0.0197978965;1;0;0
172;4128;214;12;7;1070;0.0406976744;learn data analytics  ;2024;11;17;4;1;47;1;856.0;0.0416666667;0;1;0
197;4645;219.15;24;5;1911;0.0253807107;online data analytic  ;2024;11;30;4;7;48;1;1691.85;0.0424111948;1;0;0
191;5706;249.69;25;6;1821;0.0314136126;data analitics online ;2024;11;16;4;7;46;1;1571.31;0.0334735366;0;0;1
167;3438;235.2;10;7;1229;0.0419161677;data analitics online ;2024;11;17;4;1;47;1;993.8;0.0485747528;0;0;1
191;3610;217.44;27;6;1890;0.0314136126;analytics for data    ;2024;11;23;4;7;47;1;1672.56;0.0529085873;0;1;0
90;3828;238.12;21;6;1505;0.0666666667;data analitics online ;2024;11;21;4;5;47;0;1266.88;0.0235109718;0;0;1
115;5431;180.5;20;7;1995;0.0608695652;data analytics course ;2024;11;15;4;6;46;0;1814.5;0.0211747376;0;0;1
188;4300;226.13;28;7;1185;0.0372340426;online data analytic  ;2024;11;14;4;5;46;0;958.87;0.0437209302;1;0;0
173;3829;221.28;29;4;1417;0.0231213873;learn data analytics  ;2024;11;25;4;2;48;0;1195.72;0.0451815095;0;0;1
107;4165;192.18;21;10;1754;0.0934579439;learn data analytics  ;2024;11;29;4;6;48;0;1561.82;0.0256902761;1;0;0
171;5953;230.37;14;7;1436;0.0409356725;analytics for data    ;2024;11;17;4;1;47;1;1205.63;0.0287250126;0;1;0
87;4836;242;12;7;1665;0.0804597701;learn data analytics  ;2024;11;15;4;6;46;0;1423.0;0.0179900744;0;0;1
199;3717;226.84;27;3;1449;0.0150753769;data anaytics training;2024;11;25;4;2;48;0;1222.16;0.0535377993;1;0;0
195;5190;231.62;20;3;1429;0.0153846154;data analytics course ;2024;11;12;4;3;46;0;1197.38;0.0375722543;0;1;0
97;3921;232.83;11;9;1886;0.0927835052;analytics for data    ;2024;11;16;4;7;46;1;1653.17;0.0247385871;0;1;0
184;3824;200.99;26;6;1023;0.0326086957;data analitics online ;2024;11;26;4;3;48;0;822.01;0.0481171548;1;0;0
168;5414;221.78;19;8;1715;0.0476190476;data anaytics training;2024;11;29;4;6;48;0;1493.22;0.0310306612;1;0;0
128;3984;222.78;26;4;1786;0.03125;data analitics online ;2024;11;14;4;5;46;0;1563.22;0.0321285141;0;0;1
117;4716;213.86;26;4;1504;0.0341880342;online data analytic  ;2024;11;27;4;4;48;0;1290.14;0.0248091603;1;0;0
142;5265;183.15;19;9;1173;0.0633802817;online data analytic  ;2024;11;7;4;5;45;0;989.85;0.0269705603;0;0;1
194;5273;201.59;15;10;1018;0.0515463918;data analitics online ;2024;11;6;4;4;45;0;816.41;0.0367912005;1;0;0
141;5656;193.58;20;6;1953;0.0425531915;data analytics course ;2024;11;26;4;3;48;0;1759.42;0.0249292786;0;0;1
137;3149;195.06;17;6;1718;0.0437956204;analytics for data    ;2024;11;8;4;6;45;0;1522.94;0.0435058749;0;1;0
162;5799;196.39;27;8;1502;0.049382716;data analitics online ;2024;11;13;4;4;46;0;1305.61;0.027935851;0;1;0
151;3487;187;30;6;1529;0.0397350993;online data analytic  ;2024;11;13;4;4;46;0;1342.0;0.0433036995;1;0;0
87;4140;209.82;17;7;1151;0.0804597701;online data analytic  ;2024;11;23;4;7;47;1;941.18;0.0210144928;0;1;0
183;5659;191.88;12;7;1830;0.0382513661;analytics for data    ;2024;11;10;4;1;46;1;1638.12;0.0323378689;1;0;0
120;3629;197.43;12;7;1522;0.0583333333;data anaytics training;2024;11;23;4;7;47;1;1324.57;0.0330669606;0;0;1
187;5531;219.88;10;5;1807;0.0267379679;analytics for data    ;2024;11;13;4;4;46;0;1587.12;0.0338094377;0;1;0
121;5275;234.88;23;4;1766;0.0330578512;data analitics online ;2024;11;5;4;3;45;0;1531.12;0.0229383886;0;0;1
173;3190;226.32;13;7;1884;0.0404624277;online data analytic  ;2024;11;27;4;4;48;0;1657.68;0.0542319749;1;0;0
165;5406;237.32;23;10;1002;0.0606060606;data analytics course ;2024;11;25;4;2;48;0;764.68;0.0305216426;0;1;0
192;3755;218.14;28;3;1121;0.015625;online data analytic  ;2024;11;30;4;7;48;1;902.86;0.0511318242;1;0;0
193;4497;248.41;24;9;1025;0.0466321244;learn data analytics  ;2024;11;6;4;4;45;0;776.59;0.0429175006;0;0;1
138;5904;197.08;26;8;1698;0.0579710145;learn data analytics  ;2024;11;19;4;3;47;0;1500.92;0.0233739837;0;0;1
104;4212;214.29;15;6;1108;0.0576923077;data anaytics training;2024;11;30;4;7;48;1;893.71;0.024691358;0;0;1
162;5979;190.69;30;6;1976;0.037037037;learn data analytics  ;2024;11;23;4;7;47;1;1785.31;0.0270948319;0;1;0
115;4950;241.85;19;9;1343;0.0782608696;online data analytic  ;2024;11;16;4;7;46;1;1101.15;0.0232323232;0;1;0
104;3405;227.36;28;8;1970;0.0769230769;data analytics course ;2024;11;27;4;4;48;0;1742.64;0.0305433186;1;0;0
168;4480;196.79;22;8;1666;0.0476190476;learn data analytics  ;2024;11;23;4;7;47;1;1469.21;0.0375;0;1;0
146;4624;212.67;19;9;1513;0.0616438356;data analytics course ;2024;11;9;4;7;45;1;1300.33;0.0315743945;1;0;0
82;5241;191.23;28;9;1369;0.1097560976;data analytics course ;2024;11;3;4;1;45;1;1177.77;0.0156458691;0;0;1
139;5947;206.33;14;9;1188;0.0647482014;analytics for data    ;2024;11;24;4;1;48;1;981.67;0.0233731293;0;1;0
142;3246;249.27;11;8;1667;0.0563380282;data analitics online ;2024;11;5;4;3;45;0;1417.73;0.0437461491;1;0;0
198;5858;232.94;17;8;1903;0.0404040404;analytics for data    ;2024;11;22;4;6;47;0;1670.06;0.0337999317;0;0;1
119;5159;227.36;22;10;1448;0.0840336134;data anaytics training;2024;11;16;4;7;46;1;1220.64;0.0230664858;1;0;0
109;4002;203.96;14;3;1430;0.0275229358;data analytics course ;2024;11;2;4;7;44;1;1226.04;0.0272363818;1;0;0
87;3068;243.15;11;6;1356;0.0689655172;online data analytic  ;2024;11;23;4;7;47;1;1112.85;0.028357236;0;1;0
110;4907;247.48;12;10;1205;0.0909090909;data anaytics training;2024;11;26;4;3;48;0;957.52;0.0224169554;0;0;1
92;5680;224.6;15;7;1507;0.0760869565;online data analytic  ;2024;11;26;4;3;48;0;1282.4;0.0161971831;0;0;1
85;3909;189.9;12;3;1216;0.0352941176;online data analytic  ;2024;11;14;4;5;46;0;1026.1;0.0217446917;0;1;0
199;3060;237.3;19;9;1527;0.0452261307;data analitics online ;2024;11;4;4;2;45;0;1289.7;0.0650326797;1;0;0
148;4558;249.74;18;8;1554;0.0540540541;data analytics course ;2024;11;1;4;6;44;0;1304.26;0.0324703817;0;0;1
173;5992;230.26;11;5;1683;0.0289017341;data anaytics training;2024;11;8;4;6;45;0;1452.74;0.0288718291;1;0;0
84;5069;192.08;25;3;1738;0.0357142857;online data analytic  ;2024;11;11;4;2;46;0;1545.92;0.0165713158;0;0;1
82;4340;186.61;17;3;1092;0.0365853659;data anaytics training;2024;11;7;4;5;45;0;905.39;0.0188940092;0;0;1
147;5139;245.93;29;8;1853;0.0544217687;data analytics course ;2024;11;10;4;1;46;1;1607.07;0.0286047869;1;0;0
186;4679;241.7;19;9;1333;0.0483870968;online data analytic  ;2024;11;7;4;5;45;0;1091.3;0.0397520838;0;1;0
143;4232;207.76;30;8;1644;0.0559440559;data analitics online ;2024;11;18;4;2;47;0;1436.24;0.0337901701;0;1;0
133;5580;248.11;17;5;1111;0.037593985;data analytics course ;2024;11;26;4;3;48;0;862.89;0.0238351254;0;1;0
187;3972;226.62;24;7;1011;0.0374331551;data anaytics training;2024;11;4;4;2;45;0;784.38;0.0470795569;0;0;1
121;5205;181.81;24;5;1555;0.041322314;data analitics online ;2024;11;8;4;6;45;0;1373.19;0.023246878;0;1;0
188;4521;214.58;24;3;1855;0.0159574468;data analytics course ;2024;11;19;4;3;47;0;1640.42;0.0415837204;0;1;0
115;3924;214.52;16;7;1312;0.0608695652;online data analytic  ;2024;11;4;4;2;45;0;1097.48;0.0293068298;0;0;1
139;3319;230.39;28;4;1533;0.0287769784;analytics for data    ;2024;11;19;4;3;47;0;1302.61;0.0418800844;0;1;0
190;5141;225.14;15;10;1761;0.0526315789;learn data analytics  ;2024;11;21;4;5;47;0;1535.86;0.0369577903;0;0;1
92;5952;192.35;30;4;1335;0.0434782609;data analitics online ;2024;11;8;4;6;45;0;1142.65;0.0154569892;1;0;0
107;4538;227.88;23;8;1844;0.0747663551;online data analytic  ;2024;11;8;4;6;45;0;1616.12;0.023578669;0;0;1
143;3794;225.38;13;7;1401;0.048951049;data analitics online ;2024;11;23;4;7;47;1;1175.62;0.0376910912;1;0;0
186;4480;185.55;11;5;1903;0.0268817204;data analytics course ;2024;11;16;4;7;46;1;1717.45;0.0415178571;0;1;0
129;3454;223.14;17;8;1391;0.0620155039;analytics for data    ;2024;11;1;4;6;44;0;1167.86;0.0373480023;0;1;0
162;3071;231.99;29;9;1603;0.0555555556;online data analytic  ;2024;11;18;4;2;47;0;1371.01;0.0527515467;0;1;0
177;5954;206.76;13;4;1104;0.0225988701;learn data analytics  ;2024;11;14;4;5;46;0;897.24;0.029727914;0;1;0
93;3473;207.92;30;9;1780;0.0967741935;data analytics course ;2024;11;8;4;6;45;0;1572.08;0.0267780017;0;0;1
117;4341;212.29;19;8;1399;0.0683760684;learn data analytics  ;2024;11;21;4;5;47;0;1186.71;0.0269523151;0;0;1
120;3310;247.65;15;3;1584;0.025;online data analytic  ;2024;11;21;4;5;47;0;1336.35;0.0362537764;1;0;0
81;3694;183.52;17;3;1156;0.037037037;online data analytic  ;2024;11;22;4;6;47;0;972.48;0.0219274499;1;0;0
91;3576;243.02;28;8;1567;0.0879120879;data anaytics training;2024;11;25;4;2;48;0;1323.98;0.0254474273;1;0;0
167;4856;232.1;18;7;1476;0.0419161677;analytics for data    ;2024;11;7;4;5;45;0;1243.9;0.0343904448;0;0;1
175;5484;186.91;14;3;1728;0.0171428571;analytics for data    ;2024;11;18;4;2;47;0;1541.09;0.0319110139;0;0;1
121;3633;190.82;16;5;1157;0.041322314;data analitics online ;2024;11;16;4;7;46;1;966.18;0.0333058079;0;1;0
85;4538;190.32;13;9;1301;0.1058823529;data analitics online ;2024;11;7;4;5;45;0;1110.68;0.0187307184;0;0;1
176;4474;215.93;28;9;1214;0.0511363636;data analitics online ;2024;11;30;4;7;48;1;998.07;0.0393383996;1;0;0
174;5282;240.85;10;4;1481;0.0229885057;data analytics course ;2024;11;26;4;3;48;0;1240.15;0.0329420674;0;1;0
180;3778;214.66;28;4;1733;0.0222222222;data analytics course ;2024;11;14;4;5;46;0;1518.34;0.0476442562;0;0;1
156;3361;183.12;29;9;1241;0.0576923077;data analitics online ;2024;11;10;4;1;46;1;1057.88;0.0464147575;0;0;1
143;5877;223.87;21;9;1866;0.0629370629;analytics for data    ;2024;11;28;4;5;48;0;1642.13;0.0243321422;1;0;0
161;5656;237.69;12;4;1262;0.0248447205;online data analytic  ;2024;11;29;4;6;48;0;1024.31;0.0284653465;1;0;0
87;3061;192.29;15;6;1506;0.0689655172;data analitics online ;2024;11;20;4;4;47;0;1313.71;0.0284220843;0;1;0
126;4569;204.13;10;4;1037;0.0317460317;learn data analytics  ;2024;11;3;4;1;45;1;832.87;0.0275771504;0;1;0
151;5067;199.12;13;5;1669;0.0331125828;data anaytics training;2024;11;27;4;4;48;0;1469.88;0.029800671;1;0;0
85;5612;245.87;12;7;1124;0.0823529412;learn data analytics  ;2024;11;16;4;7;46;1;878.13;0.0151461155;1;0;0
104;4627;200.98;28;6;1815;0.0576923077;data anaytics training;2024;11;16;4;7;46;1;1614.02;0.0224767668;0;1;0
103;4264;214.56;27;4;1804;0.0388349515;learn data analytics  ;2024;11;11;4;2;46;0;1589.44;0.0241557223;0;0;1
162;5815;198.49;11;7;1468;0.0432098765;data analytics course ;2024;11;23;4;7;47;1;1269.51;0.0278589854;0;1;0
161;3597;218.35;29;6;1840;0.0372670807;data analytics course ;2024;11;6;4;4;45;0;1621.65;0.0447595218;0;1;0
83;5973;224.06;25;9;1197;0.1084337349;analytics for data    ;2024;11;10;4;1;46;1;972.94;0.0138958647;1;0;0
165;3430;248.59;26;8;1056;0.0484848485;analytics for data    ;2024;11;6;4;4;45;0;807.41;0.0481049563;0;0;1
134;5085;186.1;18;8;1033;0.0597014925;data analytics course ;2024;11;27;4;4;48;0;846.9;0.0263520157;1;0;0
126;4906;222.92;16;9;1443;0.0714285714;learn data analytics  ;2024;11;25;4;2;48;0;1220.08;0.0256828373;1;0;0
173;5082;198.75;16;3;1128;0.0173410405;analytics for data    ;2024;11;14;4;5;46;0;929.25;0.0340417159;0;1;0
174;4661;200.74;20;5;1596;0.0287356322;data analytics course ;2024;11;20;4;4;47;0;1395.26;0.0373310448;0;0;1
149;3573;247.52;20;4;1742;0.0268456376;analytics for data    ;2024;11;3;4;1;45;1;1494.48;0.0417016513;1;0;0
108;5663;213.85;20;9;1703;0.0833333333;data analitics online ;2024;11;17;4;1;47;1;1489.15;0.0190711637;0;0;1
99;4466;214.08;14;7;1515;0.0707070707;analytics for data    ;2024;11;15;4;6;46;0;1300.92;0.0221674877;0;0;1
113;3120;249.66;20;8;1895;0.0707964602;data anaytics training;2024;11;27;4;4;48;0;1645.34;0.0362179487;1;0;0
84;3911;206.06;13;7;1155;0.0833333333;learn data analytics  ;2024;11;18;4;2;47;0;948.94;0.0214778829;0;1;0
182;3458;186.51;28;9;1982;0.0494505495;learn data analytics  ;2024;11;1;4;6;44;0;1795.49;0.0526315789;0;0;1
82;3261;245.34;30;8;1922;0.0975609756;data analytics course ;2024;11;9;4;7;45;1;1676.66;0.0251456608;0;0;1
103;3844;232.39;13;7;1763;0.067961165;learn data analytics  ;2024;11;25;4;2;48;0;1530.61;0.0267950052;1;0;0
117;4298;227.92;15;8;1512;0.0683760684;online data analytic  ;2024;11;21;4;5;47;0;1284.08;0.0272219637;0;1;0
93;4998;201.98;17;8;1216;0.0860215054;data analytics course ;2024;11;12;4;3;46;0;1014.02;0.018607443;0;0;1
166;5110;196.99;26;4;1431;0.0240963855;data analitics online ;2024;11;12;4;3;46;0;1234.01;0.0324853229;0;1;0
121;5155;187;23;6;1510;0.0495867769;data analytics course ;2024;11;5;4;3;45;0;1323.0;0.0234723569;0;1;0
106;5010;220.66;26;6;1345;0.0566037736;data analytics course ;2024;11;16;4;7;46;1;1124.34;0.0211576846;0;0;1
106;4362;227.02;12;9;1548;0.0849056604;online data analytic  ;2024;11;27;4;4;48;0;1320.98;0.0243007795;1;0;0
122;3662;211.05;19;6;1082;0.0491803279;data anaytics training;2024;11;21;4;5;47;0;870.95;0.0333151283;0;0;1
193;5464;224.15;12;3;1157;0.0155440415;online data analytic  ;2024;11;3;4;1;45;1;932.85;0.0353221083;0;1;0
146;3560;214.16;26;3;1033;0.0205479452;analytics for data    ;2024;11;2;4;7;44;1;818.84;0.041011236;0;0;1
139;5014;198.84;10;8;1474;0.0575539568;learn data analytics  ;2024;11;14;4;5;46;0;1275.16;0.0277223773;0;1;0
111;3278;189.58;25;5;1882;0.045045045;data anaytics training;2024;11;9;4;7;45;1;1692.42;0.033862111;1;0;0
139;3149;213.67;14;8;1491;0.0575539568;online data analytic  ;2024;11;27;4;4;48;0;1277.33;0.0441409971;0;1;0
195;4128;246.55;25;5;1105;0.0256410256;data anaytics training;2024;11;9;4;7;45;1;858.45;0.0472383721;1;0;0
149;5018;219.11;16;3;1795;0.0201342282;data anaytics training;2024;11;26;4;3;48;0;1575.89;0.0296931048;0;0;1
194;5215;225.13;12;6;1107;0.0309278351;data analitics online ;2024;11;22;4;6;47;0;881.87;0.0372003835;0;1;0
191;3948;208.43;23;7;1450;0.0366492147;data analytics course ;2024;11;24;4;1;48;1;1241.57;0.048378926;0;1;0
196;4912;187.07;26;7;1720;0.0357142857;data analytics course ;2024;11;4;4;2;45;0;1532.93;0.0399022801;0;0;1
182;5136;249.36;23;7;1846;0.0384615385;learn data analytics  ;2024;11;3;4;1;45;1;1596.64;0.0354361371;0;0;1
156;5674;193.18;29;10;1176;0.0641025641;data analytics course ;2024;11;27;4;4;48;0;982.82;0.0274938315;0;0;1
187;4674;201.41;18;9;1719;0.0481283422;learn data analytics  ;2024;11;28;4;5;48;0;1517.59;0.040008558;0;1;0
117;4408;184;30;3;1239;0.0256410256;online data analytic  ;2024;11;14;4;5;46;0;1055.0;0.0265426497;0;1;0
135;5402;238.81;19;8;1648;0.0592592593;learn data analytics  ;2024;11;28;4;5;48;0;1409.19;0.0249907442;1;0;0
114;4538;223.69;20;3;1845;0.0263157895;data anaytics training;2024;11;8;4;6;45;0;1621.31;0.0251211988;0;0;1
184;5876;231.91;23;7;1018;0.0380434783;data analytics course ;2024;11;11;4;2;46;0;786.09;0.0313138189;0;0;1
115;5996;191.99;24;7;1822;0.0608695652;data analytics course ;2024;11;20;4;4;47;0;1630.01;0.019179453;1;0;0
149;3249;202.43;11;6;1027;0.0402684564;analytics for data    ;2024;11;4;4;2;45;0;824.57;0.0458602647;0;0;1
136;4351;233.43;18;6;1299;0.0441176471;online data analytic  ;2024;11;12;4;3;46;0;1065.57;0.0312571823;0;1;0
119;5805;245.13;25;6;1122;0.0504201681;online data analytic  ;2024;11;13;4;4;46;0;876.87;0.0204995693;0;1;0
186;5685;197.15;18;10;1273;0.0537634409;data analytics course ;2024;11;24;4;1;48;1;1075.85;0.0327176781;0;0;1
91;3199;196.04;27;4;1737;0.043956044;data anaytics training;2024;11;25;4;2;48;0;1540.96;0.0284463895;0;1;0
171;3490;180.82;11;8;1497;0.0467836257;data analytics course ;2024;11;14;4;5;46;0;1316.18;0.0489971347;1;0;0
149;3584;199.9;21;8;1504;0.0536912752;learn data analytics  ;2024;11;18;4;2;47;0;1304.1;0.0415736607;1;0;0
121;3757;241.14;16;3;1226;0.0247933884;data analitics online ;2024;11;11;4;2;46;0;984.86;0.0322065478;0;0;1
189;3029;214.29;21;3;1016;0.0158730159;data anaytics training;2024;11;5;4;3;45;0;801.71;0.0623968306;0;0;1
183;3876;237.72;13;10;1682;0.0546448087;data analitics online ;2024;11;11;4;2;46;0;1444.28;0.0472136223;1;0;0
133;4622;243.63;26;5;1742;0.037593985;analytics for data    ;2024;11;22;4;6;47;0;1498.37;0.0287754219;1;0;0
127;3249;244.01;25;5;1248;0.0393700787;analytics for data    ;2024;11;5;4;3;45;0;1003.99;0.0390889504;1;0;0
195;3372;225.57;10;9;1686;0.0461538462;data anaytics training;2024;11;17;4;1;47;1;1460.43;0.0578291815;1;0;0
138;5452;210.45;16;8;1964;0.0579710145;data anaytics training;2024;11;2;4;7;44;1;1753.55;0.0253118122;0;0;1
134;3011;230.59;21;7;1224;0.052238806;online data analytic  ;2024;11;16;4;7;46;1;993.41;0.0445034872;1;0;0
110;3371;211.89;12;6;1743;0.0545454545;data analytics course ;2024;11;9;4;7;45;1;1531.11;0.0326312667;0;1;0
186;5126;182.38;25;7;1856;0.0376344086;data analitics online ;2024;11;18;4;2;47;0;1673.62;0.0362856028;0;1;0
191;5257;219.4;29;6;1730;0.0314136126;data analitics online ;2024;11;4;4;2;45;0;1510.6;0.036332509;1;0;0
169;3475;247.16;12;3;1985;0.0177514793;data anaytics training;2024;11;12;4;3;46;0;1737.84;0.0486330935;1;0;0
198;5447;225.49;16;5;1249;0.0252525253;analytics for data    ;2024;11;29;4;6;48;0;1023.51;0.0363502846;1;0;0
184;3272;241.8;27;9;1969;0.0489130435;learn data analytics  ;2024;11;8;4;6;45;0;1727.2;0.0562347188;1;0;0
87;5221;217.08;13;9;1723;0.1034482759;data analitics online ;2024;11;9;4;7;45;1;1505.92;0.0166634744;0;0;1
180;3099;241.32;23;5;1177;0.0277777778;analytics for data    ;2024;11;28;4;5;48;0;935.68;0.0580832527;1;0;0
99;4229;183.7;24;8;1792;0.0808080808;learn data analytics  ;2024;11;19;4;3;47;0;1608.3;0.0234097895;1;0;0
148;4038;248.37;28;3;1549;0.0202702703;online data analytic  ;2024;11;8;4;6;45;0;1300.63;0.0366518078;1;0;0
146;3960;213.7;29;6;1178;0.0410958904;data analytics course ;2024;11;23;4;7;47;1;964.3;0.0368686869;1;0;0
149;3865;198.54;14;4;1502;0.0268456376;data anaytics training;2024;11;1;4;6;44;0;1303.46;0.0385510996;0;1;0
88;3433;241.8;29;6;1654;0.0681818182;learn data analytics  ;2024;11;20;4;4;47;0;1412.2;0.0256335567;1;0;0
154;3009;185.32;16;9;1433;0.0584415584;data analitics online ;2024;11;14;4;5;46;0;1247.68;0.051179794;1;0;0
137;4817;217.98;17;6;1720;0.0437956204;data analytics course ;2024;11;8;4;6;45;0;1502.02;0.0284409383;1;0;0
125;5217;183.16;16;10;1245;0.08;learn data analytics  ;2024;11;3;4;1;45;1;1061.84;0.0239601303;0;1;0
155;4870;191.54;23;8;1451;0.0516129032;data analytics course ;2024;11;14;4;5;46;0;1259.46;0.0318275154;0;1;0
111;5133;240.23;22;8;1555;0.0720720721;online data analytic  ;2024;11;22;4;6;47;0;1314.77;0.0216247808;0;0;1
141;3181;234.44;16;9;1628;0.0638297872;data anaytics training;2024;11;21;4;5;47;0;1393.56;0.0443256837;0;0;1
153;4153;234.25;18;5;1368;0.0326797386;data analytics course ;2024;11;24;4;1;48;1;1133.75;0.0368408379;0;1;0
176;4549;191.11;11;4;1107;0.0227272727;online data analytic  ;2024;11;28;4;5;48;0;915.89;0.0386898219;1;0;0
147;4250;223.33;17;3;1069;0.0204081633;online data analytic  ;2024;11;27;4;4;48;0;845.67;0.0345882353;0;0;1
80;4538;196.17;15;4;1252;0.05;learn data analytics  ;2024;11;8;4;6;45;0;1055.83;0.0176289114;0;0;1
181;5783;231.16;24;4;1963;0.0220994475;data analytics course ;2024;11;29;4;6;48;0;1731.84;0.0312986339;0;1;0
175;3792;227.98;17;8;1627;0.0457142857;learn data analytics  ;2024;11;4;4;2;45;0;1399.02;0.046149789;0;1;0
94;5919;220.26;18;8;1486;0.085106383;data anaytics training;2024;11;18;4;2;47;0;1265.74;0.015881061;0;0;1
119;4593;248.14;23;8;1595;0.0672268908;learn data analytics  ;2024;11;8;4;6;45;0;1346.86;0.0259089919;1;0;0
146;4308;181.7;27;9;1391;0.0616438356;analytics for data    ;2024;11;6;4;4;45;0;1209.3;0.0338904364;0;1;0
122;4676;202.56;25;8;1368;0.0655737705;data analytics course ;2024;11;7;4;5;45;0;1165.44;0.0260906758;0;1;0
114;5832;217.98;28;4;1566;0.0350877193;data analytics course ;2024;11;18;4;2;47;0;1348.02;0.0195473251;1;0;0
130;3637;214;25;7;1361;0.0538461538;analytics for data    ;2024;11;15;4;6;46;0;1147.0;0.0357437448;0;1;0
154;5533;207.61;14;8;1165;0.0519480519;analytics for data    ;2024;11;6;4;4;45;0;957.39;0.027833002;0;0;1
132;4320;229.38;15;5;1557;0.0378787879;analytics for data    ;2024;11;14;4;5;46;0;1327.62;0.0305555556;0;0;1
170;3526;224.34;29;4;1969;0.0235294118;analytics for data    ;2024;11;1;4;6;44;0;1744.66;0.0482132728;0;0;1
85;5962;201.12;20;10;1728;0.1176470588;data analytics course ;2024;11;25;4;2;48;0;1526.88;0.0142569608;1;0;0
85;3208;220.53;25;5;1426;0.0588235294;analytics for data    ;2024;11;2;4;7;44;1;1205.47;0.0264962594;0;0;1
127;4477;199.34;20;3;1239;0.0236220472;data analytics course ;2024;11;1;4;6;44;0;1039.66;0.0283672102;0;0;1
148;3207;207.16;22;9;1416;0.0608108108;online data analytic  ;2024;11;28;4;5;48;0;1208.84;0.046149049;0;0;1
181;4269;227.56;24;4;1251;0.0220994475;data analytics course ;2024;11;16;4;7;46;1;1023.44;0.0423986882;1;0;0
102;4512;183.01;20;5;1544;0.0490196078;analytics for data    ;2024;11;24;4;1;48;1;1360.99;0.022606383;0;1;0
136;5249;199.26;25;9;1142;0.0661764706;analytics for data    ;2024;11;9;4;7;45;1;942.74;0.0259096971;0;0;1
148;4881;213.23;14;4;1474;0.027027027;data anaytics training;2024;11;18;4;2;47;0;1260.77;0.0303216554;0;1;0
170;5385;198.13;21;7;1174;0.0411764706;online data analytic  ;2024;11;30;4;7;48;1;975.87;0.0315691736;0;0;1
152;4506;217.98;17;7;1678;0.0460526316;learn data analytics  ;2024;11;12;4;3;46;0;1460.02;0.0337328007;1;0;0
128;4149;238.94;10;10;1306;0.078125;data analytics course ;2024;11;13;4;4;46;0;1067.06;0.0308508074;1;0;0
168;4517;228;27;6;1679;0.0357142857;online data analytic  ;2024;11;20;4;4;47;0;1451.0;0.0371928271;1;0;0
95;4075;225.18;26;7;1763;0.0736842105;data analitics online ;2024;11;19;4;3;47;0;1537.82;0.0233128834;0;1;0
120;3903;197.56;20;7;1255;0.0583333333;analytics for data    ;2024;11;18;4;2;47;0;1057.44;0.0307455803;0;1;0
157;4477;191.69;20;10;1598;0.0636942675;online data analytic  ;2024;11;4;4;2;45;0;1406.31;0.035068126;1;0;0
147;5580;230.15;15;3;1299;0.0204081633;learn data analytics  ;2024;11;6;4;4;45;0;1068.85;0.026344086;0;0;1
161;3253;181.02;15;10;1340;0.0621118012;data anaytics training;2024;11;7;4;5;45;0;1158.98;0.0494927759;0;0;1
187;3869;185.15;26;6;1881;0.0320855615;data anaytics training;2024;11;4;4;2;45;0;1695.85;0.0483329026;1;0;0
177;5043;213.52;18;4;1117;0.0225988701;data analytics course ;2024;11;28;4;5;48;0;903.48;0.0350981559;0;1;0
165;4537;191.77;15;4;1783;0.0242424242;analytics for data    ;2024;11;4;4;2;45;0;1591.23;0.0363676438;0;1;0
146;3766;214.29;23;6;1760;0.0410958904;analytics for data    ;2024;11;5;4;3;45;0;1545.71;0.0387679235;0;0;1
126;3702;222.41;27;5;1489;0.0396825397;analytics for data    ;2024;11;30;4;7;48;1;1266.59;0.0340356564;0;0;1
110;4840;184.63;17;8;1013;0.0727272727;data analitics online ;2024;11;22;4;6;47;0;828.37;0.0227272727;1;0;0
97;4425;206.41;10;5;1219;0.0515463918;data analytics course ;2024;11;16;4;7;46;1;1012.59;0.021920904;0;0;1
104;4213;202.54;21;8;1065;0.0769230769;data analytics course ;2024;11;26;4;3;48;0;862.46;0.0246854973;0;1;0
176;5010;205.47;18;10;1709;0.0568181818;data analytics course ;2024;11;24;4;1;48;1;1503.53;0.0351297405;0;1;0
91;4045;225.82;12;7;1828;0.0769230769;online data analytic  ;2024;11;13;4;4;46;0;1602.18;0.0224969098;0;1;0
167;5145;183.22;19;9;1021;0.0538922156;online data analytic  ;2024;11;22;4;6;47;0;837.78;0.0324586978;0;0;1
132;3725;196.98;16;6;1094;0.0454545455;analytics for data    ;2024;11;1;4;6;44;0;897.02;0.0354362416;0;0;1
93;4962;181.34;22;4;1100;0.0430107527;analytics for data    ;2024;11;30;4;7;48;1;918.66;0.0187424426;0;0;1
149;3055;228.17;18;7;1382;0.0469798658;learn data analytics  ;2024;11;17;4;1;47;1;1153.83;0.0487725041;0;0;1
184;4425;221.83;30;6;1956;0.0326086957;data analitics online ;2024;11;13;4;4;46;0;1734.17;0.0415819209;0;1;0
192;3755;214.29;16;4;1805;0.0208333333;learn data analytics  ;2024;11;6;4;4;45;0;1590.71;0.0511318242;0;0;1
115;4832;237.18;24;5;1737;0.0434782609;data analitics online ;2024;11;23;4;7;47;1;1499.82;0.0237996689;0;1;0
81;3224;239.58;18;10;1229;0.1234567901;online data analytic  ;2024;11;27;4;4;48;0;989.42;0.0251240695;0;1;0
119;5809;224.5;11;7;1736;0.0588235294;analytics for data    ;2024;11;19;4;3;47;0;1511.5;0.0204854536;1;0;0
169;4027;193.86;22;4;1387;0.0236686391;data analitics online ;2024;11;12;4;3;46;0;1193.14;0.0419667246;0;0;1
103;5900;231.39;24;10;1963;0.0970873786;data anaytics training;2024;11;2;4;7;44;1;1731.61;0.0174576271;1;0;0
90;3518;216.8;21;4;1781;0.0444444444;learn data analytics  ;2024;11;23;4;7;47;1;1564.2;0.0255827175;1;0;0
184;4238;228.49;26;10;1003;0.0543478261;learn data analytics  ;2024;11;9;4;7;45;1;774.51;0.043416706;0;1;0
143;5160;248.04;21;10;1780;0.0699300699;data analitics online ;2024;11;25;4;2;48;0;1531.96;0.0277131783;1;0;0
123;4753;203.59;29;10;1959;0.081300813;data anaytics training;2024;11;15;4;6;46;0;1755.41;0.0258783926;1;0;0
155;4969;190.87;25;5;1807;0.0322580645;data anaytics training;2024;11;28;4;5;48;0;1616.13;0.0311933991;0;1;0
140;4415;240.95;13;8;1579;0.0571428571;data anaytics training;2024;11;12;4;3;46;0;1338.05;0.0317100793;1;0;0
110;3931;193.32;20;4;1088;0.0363636364;data anaytics training;2024;11;14;4;5;46;0;894.68;0.0279827016;1;0;0
103;4409;246.87;18;8;1136;0.0776699029;online data analytic  ;2024;11;24;4;1;48;1;889.13;0.0233613064;0;0;1
127;5064;195.07;22;10;1521;0.0787401575;learn data analytics  ;2024;11;16;4;7;46;1;1325.93;0.0250789889;1;0;0
151;3905;191.4;20;10;1342;0.0662251656;data analytics course ;2024;11;30;4;7;48;1;1150.6;0.0386683739;0;0;1
191;4710;214.24;15;6;1080;0.0314136126;data analytics course ;2024;11;5;4;3;45;0;865.76;0.040552017;0;0;1
177;3869;198.88;23;4;1909;0.0225988701;data analytics course ;2024;11;4;4;2;45;0;1710.12;0.0457482554;0;0;1
122;3760;233.47;22;7;1785;0.0573770492;analytics for data    ;2024;11;16;4;7;46;1;1551.53;0.0324468085;0;0;1
99;3979;188.54;16;4;1244;0.0404040404;data anaytics training;2024;11;20;4;4;47;0;1055.46;0.0248806233;0;1;0
139;3027;205.67;20;7;1593;0.0503597122;learn data analytics  ;2024;11;7;4;5;45;0;1387.33;0.0459200529;0;1;0
114;4540;185.04;10;4;1561;0.0350877193;data analytics course ;2024;11;28;4;5;48;0;1375.96;0.0251101322;1;0;0
92;4466;244.46;18;6;1912;0.0652173913;learn data analytics  ;2024;11;7;4;5;45;0;1667.54;0.0206000896;0;0;1
136;4865;206.18;25;9;1836;0.0661764706;data analitics online ;2024;11;8;4;6;45;0;1629.82;0.027954779;0;0;1
157;5890;221.53;27;7;1122;0.0445859873;data anaytics training;2024;11;11;4;2;46;0;900.47;0.026655348;1;0;0
91;4010;229.84;11;6;1634;0.0659340659;analytics for data    ;2024;11;2;4;7;44;1;1404.16;0.0226932668;1;0;0
91;4641;182.84;12;9;1235;0.0989010989;data analitics online ;2024;11;25;4;2;48;0;1052.16;0.0196078431;1;0;0
99;5669;202.47;24;7;1862;0.0707070707;online data analytic  ;2024;11;11;4;2;46;0;1659.53;0.0174633974;0;0;1
160;3000;201.69;28;9;1103;0.05625;data analitics online ;2024;11;16;4;7;46;1;901.31;0.0533333333;0;0;1
136;3979;241.3;25;10;1488;0.0735294118;data analytics course ;2024;11;10;4;1;46;1;1246.7;0.0341794421;0;0;1
185;4538;192.6;23;5;1180;0.027027027;learn data analytics  ;2024;11;1;4;6;44;0;987.4;0.0407668576;0;0;1
137;5049;180.58;26;3;1808;0.0218978102;data anaytics training;2024;11;18;4;2;47;0;1627.42;0.027134086;0;0;1
159;3662;203.93;20;4;1776;0.0251572327;data analytics course ;2024;11;10;4;1;46;1;1572.07;0.0434188968;0;1;0
155;5822;227.47;10;4;1373;0.0258064516;data analitics online ;2024;11;28;4;5;48;0;1145.53;0.0266231536;1;0;0
103;3762;187.11;12;9;1096;0.0873786408;learn data analytics  ;2024;11;24;4;1;48;1;908.89;0.0273790537;1;0;0
134;3647;209.89;21;7;1744;0.052238806;learn data analytics  ;2024;11;3;4;1;45;1;1534.11;0.0367425281;0;0;1
128;3448;235.69;27;8;1373;0.0625;data analytics course ;2024;11;17;4;1;47;1;1137.31;0.0371229698;0;0;1
156;3776;213.3;30;4;1013;0.0256410256;online data analytic  ;2024;11;19;4;3;47;0;799.7;0.0413135593;0;1;0
154;5763;240.35;20;10;1816;0.0649350649;data analitics online ;2024;11;25;4;2;48;0;1575.65;0.0267221933;1;0;0
176;3835;210.11;10;3;1025;0.0170454545;data analytics course ;2024;11;5;4;3;45;0;814.89;0.04589309;0;1;0
139;4079;243.8;23;6;1909;0.0431654676;learn data analytics  ;2024;11;29;4;6;48;0;1665.2;0.0340769797;0;1;0
182;4444;188.86;19;9;1555;0.0494505495;data analytics course ;2024;11;25;4;2;48;0;1366.14;0.0409540954;0;0;1
84;3859;182.85;17;8;1145;0.0952380952;data anaytics training;2024;11;9;4;7;45;1;962.15;0.0217672972;1;0;0
192;3752;240.61;23;8;1504;0.0416666667;data analytics course ;2024;11;13;4;4;46;0;1263.39;0.0511727079;0;0;1
133;5487;243.45;22;7;1059;0.0526315789;data analitics online ;2024;11;18;4;2;47;0;815.55;0.0242391106;0;0;1
81;4864;238.27;15;7;1278;0.0864197531;analytics for data    ;2024;11;1;4;6;44;0;1039.73;0.0166529605;0;0;1
196;3834;216.22;10;3;1727;0.0153061224;data analitics online ;2024;11;3;4;1;45;1;1510.78;0.0511215441;1;0;0
103;5859;210.86;15;7;1079;0.067961165;online data analytic  ;2024;11;15;4;6;46;0;868.14;0.0175797918;1;0;0
107;4428;187.08;28;8;1764;0.0747663551;data analytics course ;2024;11;26;4;3;48;0;1576.92;0.0241644083;0;1;0
199;5649;223.62;11;4;1075;0.0201005025;data analytics course ;2024;11;22;4;6;47;0;851.38;0.0352274739;0;0;1
133;4116;248.26;14;3;1160;0.022556391;data analytics course ;2024;11;20;4;4;47;0;911.74;0.0323129252;1;0;0
192;5026;209.89;25;9;1981;0.046875;data analytics course ;2024;11;30;4;7;48;1;1771.11;0.038201353;0;1;0
189;4969;245.1;11;9;1993;0.0476190476;online data analytic  ;2024;11;5;4;3;45;0;1747.9;0.0380358221;0;1;0
197;4441;220.84;26;6;1507;0.0304568528;online data analytic  ;2024;11;16;4;7;46;1;1286.16;0.0443593785;0;0;1
142;4854;220.73;25;9;1891;0.0633802817;data analitics online ;2024;11;1;4;6;44;0;1670.27;0.0292542233;0;0;1
139;4010;238.31;12;3;1895;0.0215827338;analytics for data    ;2024;11;5;4;3;45;0;1656.69;0.0346633416;0;1;0
134;4790;182.49;19;5;1082;0.0373134328;analytics for data    ;2024;11;25;4;2;48;0;899.51;0.0279749478;0;0;1
198;4953;201.7;22;8;1716;0.0404040404;data anaytics training;2024;11;29;4;6;48;0;1514.3;0.0399757723;1;0;0
142;4818;233.74;24;5;1575;0.0352112676;analytics for data    ;2024;11;3;4;1;45;1;1341.26;0.0294728103;0;0;1
91;4394;214;21;6;1926;0.0659340659;online data analytic  ;2024;11;15;4;6;46;0;1712.0;0.0207100592;0;1;0
81;3855;185.69;21;9;1310;0.1111111111;learn data analytics  ;2024;11;14;4;5;46;0;1124.31;0.0210116732;0;0;1
160;3781;241.99;23;3;1772;0.01875;data analitics online ;2024;11;5;4;3;45;0;1530.01;0.0423168474;0;1;0
106;3309;217.2;25;4;1507;0.0377358491;data analytics course ;2024;11;3;4;1;45;1;1289.8;0.0320338471;0;1;0
148;4930;211.01;24;6;1378;0.0405405405;data anaytics training;2024;11;19;4;3;47;0;1166.99;0.030020284;1;0;0
83;4830;184.98;12;10;1041;0.1204819277;learn data analytics  ;2024;11;1;4;6;44;0;856.02;0.017184265;0;0;1
89;5422;199.91;12;6;1903;0.0674157303;data anaytics training;2024;11;9;4;7;45;1;1703.09;0.0164146072;0;0;1
123;4658;211.76;30;3;1201;0.0243902439;online data analytic  ;2024;11;15;4;6;46;0;989.24;0.0264061829;0;0;1
103;3249;232.85;13;4;1397;0.0388349515;data analytics course ;2024;11;4;4;2;45;0;1164.15;0.0317020622;0;0;1
130;4393;198.66;19;7;1236;0.0538461538;data analitics online ;2024;11;11;4;2;46;0;1037.34;0.0295925336;0;0;1
193;4953;243.75;14;3;1118;0.0155440415;analytics for data    ;2024;11;4;4;2;45;0;874.25;0.0389662831;1;0;0
185;5208;227.26;16;4;1953;0.0216216216;data anaytics training;2024;11;8;4;6;45;0;1725.74;0.0355222734;1;0;0
163;4114;224.8;18;8;1493;0.0490797546;online data analytic  ;2024;11;24;4;1;48;1;1268.2;0.039620807;0;0;1
197;3508;181.04;20;4;1824;0.0203045685;data anaytics training;2024;11;16;4;7;46;1;1642.96;0.0561573546;1;0;0
89;5733;215.33;22;9;1323;0.1011235955;data analitics online ;2024;11;15;4;6;46;0;1107.67;0.0155241584;0;1;0
99;3948;198.65;22;4;1444;0.0404040404;data anaytics training;2024;11;19;4;3;47;0;1245.35;0.0250759878;1;0;0
110;4488;210.69;27;10;1872;0.0909090909;data anaytics training;2024;11;12;4;3;46;0;1661.31;0.0245098039;1;0;0
124;4747;234.97;24;10;1507;0.0806451613;online data analytic  ;2024;11;17;4;1;47;1;1272.03;0.0261217611;0;0;1
120;5363;221.17;17;4;1345;0.0333333333;analytics for data    ;2024;11;8;4;6;45;0;1123.83;0.0223755361;0;1;0
97;4480;184.76;25;10;1502;0.1030927835;data analitics online ;2024;11;14;4;5;46;0;1317.24;0.0216517857;0;1;0
108;5611;224.38;29;8;1886;0.0740740741;analytics for data    ;2024;11;11;4;2;46;0;1661.62;0.0192479059;1;0;0
143;4788;213.2;24;7;1359;0.048951049;analytics for data    ;2024;11;1;4;6;44;0;1145.8;0.0298663325;0;0;1
129;5899;216.85;15;9;1574;0.0697674419;data analytics course ;2024;11;30;4;7;48;1;1357.15;0.0218681132;0;0;1
165;4121;224.59;30;7;1569;0.0424242424;data analytics course ;2024;11;3;4;1;45;1;1344.41;0.0400388255;1;0;0
155;5030;234.41;13;5;1113;0.0322580645;online data analytic  ;2024;11;8;4;6;45;0;878.59;0.0308151093;1;0;0
156;3533;211.7;22;9;1399;0.0576923077;data analytics course ;2024;11;10;4;1;46;1;1187.3;0.044155109;1;0;0
94;5751;205.37;10;9;1155;0.0957446809;data analytics course ;2024;11;19;4;3;47;0;949.63;0.0163449835;0;1;0
170;5484;210.28;20;9;1319;0.0529411765;data anaytics training;2024;11;23;4;7;47;1;1108.72;0.0309992706;0;1;0
90;5457;233.5;17;9;1159;0.1;data analytics course ;2024;11;19;4;3;47;0;925.5;0.0164925783;0;0;1
136;3314;214.29;26;10;1731;0.0735294118;analytics for data    ;2024;11;27;4;4;48;0;1516.71;0.0410380205;0;0;1
80;5808;240.44;12;4;1542;0.05;data analitics online ;2024;11;16;4;7;46;1;1301.56;0.0137741047;0;0;1
166;5567;199.13;29;5;1474;0.0301204819;learn data analytics  ;2024;11;8;4;6;45;0;1274.87;0.0298185737;1;0;0
149;5936;246.58;14;6;1396;0.0402684564;learn data analytics  ;2024;11;1;4;6;44;0;1149.42;0.0251010782;0;0;1
151;4966;223.67;15;3;1411;0.0198675497;analytics for data    ;2024;11;9;4;7;45;1;1187.33;0.030406766;0;1;0
186;4790;233.42;10;3;1201;0.0161290323;data anaytics training;2024;11;25;4;2;48;0;967.58;0.0388308977;0;0;1
143;4932;206.35;20;9;1132;0.0629370629;data analytics course ;2024;11;22;4;6;47;0;925.65;0.0289943228;0;0;1
180;3991;200.43;10;10;1427;0.0555555556;online data analytic  ;2024;11;21;4;5;47;0;1226.57;0.0451014783;0;1;0
141;3306;188.29;30;9;1561;0.0638297872;analytics for data    ;2024;11;18;4;2;47;0;1372.71;0.0426497278;0;1;0
80;3432;226.03;20;9;1254;0.1125;learn data analytics  ;2024;11;7;4;5;45;0;1027.97;0.0233100233;0;0;1
152;4683;223.33;12;7;1697;0.0460526316;data analytics course ;2024;11;18;4;2;47;0;1473.67;0.0324578262;0;1;0
189;3635;229.08;17;9;1225;0.0476190476;online data analytic  ;2024;11;13;4;4;46;0;995.92;0.0519944979;0;1;0
121;4638;198.88;14;6;1964;0.0495867769;learn data analytics  ;2024;11;8;4;6;45;0;1765.12;0.0260888314;0;0;1
140;5095;223.77;28;7;1233;0.05;learn data analytics  ;2024;11;14;4;5;46;0;1009.23;0.0274779195;0;1;0
183;5749;213.66;23;7;1187;0.0382513661;online data analytic  ;2024;11;22;4;6;47;0;973.34;0.0318316229;1;0;0
156;3964;184.42;22;6;1893;0.0384615385;online data analytic  ;2024;11;30;4;7;48;1;1708.58;0.0393541877;0;1;0
136;5645;195.55;26;4;1773;0.0294117647;learn data analytics  ;2024;11;1;4;6;44;0;1577.45;0.0240921169;0;1;0
107;5272;223.18;16;8;1110;0.0747663551;learn data analytics  ;2024;11;28;4;5;48;0;886.82;0.0202959029;0;0;1
86;4824;231.61;20;7;1390;0.0813953488;data analitics online ;2024;11;10;4;1;46;1;1158.39;0.017827529;0;1;0
165;5455;191.75;30;5;1145;0.0303030303;data anaytics training;2024;11;2;4;7;44;1;953.25;0.0302474794;0;0;1
145;3779;182.65;27;4;1364;0.0275862069;analytics for data    ;2024;11;24;4;1;48;1;1181.35;0.0383699391;0;1;0
99;5981;243.89;16;9;1876;0.0909090909;data analitics online ;2024;11;11;4;2;46;0;1632.11;0.016552416;0;0;1
136;5954;216.02;27;10;1880;0.0735294118;data anaytics training;2024;11;28;4;5;48;0;1663.98;0.022841787;0;0;1
139;5055;214;19;8;1696;0.0575539568;online data analytic  ;2024;11;29;4;6;48;0;1482.0;0.0274975272;0;1;0
153;4524;224.15;20;4;1083;0.0261437908;learn data analytics  ;2024;11;5;4;3;45;0;858.85;0.0338196286;0;1;0
184;5903;182.5;15;10;1230;0.0543478261;learn data analytics  ;2024;11;25;4;2;48;0;1047.5;0.0311705912;1;0;0
119;5050;180.57;12;8;1243;0.0672268908;analytics for data    ;2024;11;4;4;2;45;0;1062.43;0.0235643564;1;0;0
109;4816;182.9;27;8;1123;0.0733944954;data anaytics training;2024;11;21;4;5;47;0;940.1;0.0226328904;0;0;1
168;4070;222.99;29;7;1733;0.0416666667;data anaytics training;2024;11;12;4;3;46;0;1510.01;0.0412776413;1;0;0
136;5827;190.93;14;3;1731;0.0220588235;data analytics course ;2024;11;30;4;7;48;1;1540.07;0.0233396259;0;0;1
82;4922;234.82;27;10;1556;0.1219512195;data anaytics training;2024;11;17;4;1;47;1;1321.18;0.0166598944;0;0;1
112;4277;249.65;27;3;1953;0.0267857143;data analitics online ;2024;11;26;4;3;48;0;1703.35;0.0261865794;0;1;0
99;3418;195.91;19;10;1242;0.101010101;data anaytics training;2024;11;4;4;2;45;0;1046.09;0.0289643066;0;0;1
89;3363;220.07;26;7;1939;0.0786516854;data analytics course ;2024;11;9;4;7;45;1;1718.93;0.0264644663;0;0;1
154;4828;233.39;24;6;1661;0.038961039;learn data analytics  ;2024;11;2;4;7;44;1;1427.61;0.0318972659;0;1;0
155;4135;226.66;26;7;1442;0.0451612903;analytics for data    ;2024;11;22;4;6;47;0;1215.34;0.0374848851;0;1;0
188;5254;190.43;27;7;1821;0.0372340426;online data analytic  ;2024;11;16;4;7;46;1;1630.57;0.0357822611;0;0;1
83;4439;232.13;28;7;1570;0.0843373494;data anaytics training;2024;11;19;4;3;47;0;1337.87;0.0186979049;1;0;0
127;3053;183.57;10;8;1669;0.062992126;data analytics course ;2024;11;13;4;4;46;0;1485.43;0.0415984278;0;1;0
141;5550;213.82;20;10;1545;0.0709219858;data analitics online ;2024;11;15;4;6;46;0;1331.18;0.0254054054;0;1;0
149;4678;241.41;11;6;1106;0.0402684564;analytics for data    ;2024;11;4;4;2;45;0;864.59;0.0318512185;0;0;1
152;3036;210.78;12;6;1074;0.0394736842;data analitics online ;2024;11;10;4;1;46;1;863.22;0.0500658762;0;1;0
123;5050;247.93;11;8;1755;0.0650406504;analytics for data    ;2024;11;29;4;6;48;0;1507.07;0.0243564356;0;1;0
137;5057;194.11;11;6;1206;0.0437956204;data analytics course ;2024;11;9;4;7;45;1;1011.89;0.0270911608;0;0;1
93;5346;197.78;15;8;1036;0.0860215054;data analitics online ;2024;11;15;4;6;46;0;838.22;0.0173961841;0;1;0
150;5580;204.73;24;10;1502;0.0666666667;data analytics course ;2024;11;17;4;1;47;1;1297.27;0.0268817204;0;1;0
122;3351;196.49;13;3;1362;0.0245901639;data analytics course ;2024;11;30;4;7;48;1;1165.51;0.0364070427;0;0;1
168;3128;184.27;30;7;1957;0.0416666667;data analytics course ;2024;11;1;4;6;44;0;1772.73;0.0537084399;0;1;0
113;4549;217.98;26;8;1285;0.0707964602;data analytics course ;2024;11;12;4;3;46;0;1067.02;0.0248406243;1;0;0
124;5402;222.16;21;7;1091;0.0564516129;data anaytics training;2024;11;27;4;4;48;0;868.84;0.0229544613;0;0;1
95;4653;193.63;17;4;1688;0.0421052632;data analytics course ;2024;11;27;4;4;48;0;1494.37;0.0204169353;0;0;1
185;4599;248.28;15;5;1673;0.027027027;data analitics online ;2024;11;6;4;4;45;0;1424.72;0.0402261361;0;0;1
144;3120;221.66;24;7;1061;0.0486111111;data anaytics training;2024;11;13;4;4;46;0;839.34;0.0461538462;1;0;0
175;3521;210.11;14;9;1140;0.0514285714;analytics for data    ;2024;11;28;4;5;48;0;929.89;0.0497017893;1;0;0
88;5823;246.67;12;9;1514;0.1022727273;data analytics course ;2024;11;1;4;6;44;0;1267.33;0.015112485;1;0;0
90;5569;196.6;27;4;1516;0.0444444444;data analitics online ;2024;11;20;4;4;47;0;1319.4;0.0161608906;0;0;1
94;4255;221.06;13;5;1623;0.0531914894;learn data analytics  ;2024;11;20;4;4;47;0;1401.94;0.0220916569;0;0;1
191;4910;232.7;14;10;1080;0.0523560209;analytics for data    ;2024;11;3;4;1;45;1;847.3;0.0389002037;0;1;0
167;5675;222.56;15;4;1862;0.0239520958;analytics for data    ;2024;11;17;4;1;47;1;1639.44;0.0294273128;0;1;0
136;3777;186.5;11;4;1027;0.0294117647;learn data analytics  ;2024;11;5;4;3;45;0;840.5;0.0360074133;1;0;0
110;5790;214;23;9;1463;0.0818181818;data analitics online ;2024;11;8;4;6;45;0;1249.0;0.0189982729;0;1;0
171;3055;217.98;26;5;1701;0.0292397661;data anaytics training;2024;11;18;4;2;47;0;1483.02;0.0559738134;1;0;0
134;5620;231.4;28;7;1499;0.052238806;data anaytics training;2024;11;29;4;6;48;0;1267.6;0.0238434164;0;0;1
170;4594;193.2;27;9;1319;0.0529411765;analytics for data    ;2024;11;27;4;4;48;0;1125.8;0.0370047889;1;0;0
151;4907;248.32;10;4;1948;0.0264900662;data analytics course ;2024;11;23;4;7;47;1;1699.68;0.030772366;0;0;1
124;5437;180.54;29;7;1564;0.0564516129;analytics for data    ;2024;11;9;4;7;45;1;1383.46;0.0228066949;0;0;1
88;4794;242.28;11;3;1210;0.0340909091;data anaytics training;2024;11;7;4;5;45;0;967.72;0.0183562787;1;0;0
118;5326;199.76;19;8;1195;0.0677966102;analytics for data    ;2024;11;24;4;1;48;1;995.24;0.0221554638;0;1;0
160;5642;200.82;25;7;1504;0.04375;learn data analytics  ;2024;11;29;4;6;48;0;1303.18;0.028358738;1;0;0
112;4594;236.12;29;8;1569;0.0714285714;data anaytics training;2024;11;23;4;7;47;1;1332.88;0.0243796256;1;0;0
186;4352;223.95;29;3;1290;0.0161290323;data anaytics training;2024;11;6;4;4;45;0;1066.05;0.0427389706;1;0;0
139;4220;206.02;21;5;1671;0.035971223;learn data analytics  ;2024;11;21;4;5;47;0;1464.98;0.0329383886;0;0;1
164;4909;245.06;13;3;1601;0.0182926829;learn data analytics  ;2024;11;4;4;2;45;0;1355.94;0.0334080261;1;0;0
89;3148;219.25;13;4;1533;0.0449438202;data analitics online ;2024;11;6;4;4;45;0;1313.75;0.0282719187;0;0;1
107;3105;195.46;20;10;1455;0.0934579439;data analitics online ;2024;11;19;4;3;47;0;1259.54;0.0344605475;1;0;0
179;5062;214.66;18;4;1815;0.0223463687;data analytics course ;2024;11;24;4;1;48;1;1600.34;0.0353615172;1;0;0
136;4096;228.79;19;10;1054;0.0735294118;data anaytics training;2024;11;26;4;3;48;0;825.21;0.033203125;0;0;1
140;4283;205.02;22;7;1674;0.05;data analytics course ;2024;11;11;4;2;46;0;1468.98;0.0326873687;1;0;0
137;4189;208.84;17;7;1211;0.0510948905;online data analytic  ;2024;11;9;4;7;45;1;1002.16;0.0327047028;1;0;0
199;4818;230.19;11;7;1714;0.0351758794;online data analytic  ;2024;11;8;4;6;45;0;1483.81;0.0413034454;0;0;1
95;5256;235.84;12;8;1324;0.0842105263;data anaytics training;2024;11;24;4;1;48;1;1088.16;0.0180745814;1;0;0
182;3980;191.75;16;5;1050;0.0274725275;online data analytic  ;2024;11;8;4;6;45;0;858.25;0.0457286432;0;1;0
132;4359;237.12;29;3;1872;0.0227272727;online data analytic  ;2024;11;1;4;6;44;0;1634.88;0.0302821748;1;0;0
139;5326;241.7;29;5;1423;0.035971223;analytics for data    ;2024;11;8;4;6;45;0;1181.3;0.0260983853;1;0;0
134;5614;220.52;14;6;1507;0.0447761194;data analitics online ;2024;11;15;4;6;46;0;1286.48;0.0238688992;0;0;1
166;3746;213.81;16;5;1750;0.0301204819;data analitics online ;2024;11;8;4;6;45;0;1536.19;0.0443139349;1;0;0
121;5608;219.92;19;4;1209;0.0330578512;data anaytics training;2024;11;14;4;5;46;0;989.08;0.0215763195;0;1;0
173;4582;204.99;17;5;1703;0.0289017341;data anaytics training;2024;11;21;4;5;47;0;1498.01;0.0377564382;0;0;1
132;4438;232.68;24;7;1959;0.053030303;analytics for data    ;2024;11;9;4;7;45;1;1726.32;0.0297431275;0;0;1
136;5011;236.62;25;5;1582;0.0367647059;data analytics course ;2024;11;3;4;1;45;1;1345.38;0.0271402914;1;0;0
174;5864;190.45;26;5;1508;0.0287356322;data anaytics training;2024;11;27;4;4;48;0;1317.55;0.0296725784;1;0;0
168;5114;186.75;10;3;1530;0.0178571429;online data analytic  ;2024;11;18;4;2;47;0;1343.25;0.0328509973;0;0;1
117;5658;191.48;13;3;1779;0.0256410256;learn data analytics  ;2024;11;25;4;2;48;0;1587.52;0.020678685;1;0;0
187;4876;192.2;16;5;1396;0.0267379679;analytics for data    ;2024;11;9;4;7;45;1;1203.8;0.0383511075;0;1;0
139;5139;212.2;20;10;1613;0.071942446;online data analytic  ;2024;11;18;4;2;47;0;1400.8;0.0270480638;0;1;0
136;5470;210.97;20;7;1928;0.0514705882;data analitics online ;2024;11;21;4;5;47;0;1717.03;0.0248628885;0;0;1
112;5143;242.96;18;3;1029;0.0267857143;data anaytics training;2024;11;7;4;5;45;0;786.04;0.0217771729;1;0;0
124;4538;209.92;15;4;1507;0.0322580645;data analitics online ;2024;11;25;4;2;48;0;1297.08;0.0273248127;0;0;1
132;4769;236.41;15;4;1502;0.0303030303;analytics for data    ;2024;11;26;4;3;48;0;1265.59;0.0276787586;0;1;0
167;3366;213.02;28;4;1159;0.0239520958;data analytics course ;2024;11;14;4;5;46;0;945.98;0.0496137849;1;0;0
165;5228;199.73;27;3;1829;0.0181818182;analytics for data    ;2024;11;5;4;3;45;0;1629.27;0.0315608263;1;0;0
108;4266;220.02;24;5;1282;0.0462962963;data anaytics training;2024;11;23;4;7;47;1;1061.98;0.0253164557;1;0;0
182;5102;226.22;16;10;1600;0.0549450549;data analytics course ;2024;11;7;4;5;45;0;1373.78;0.0356722854;1;0;0
91;3787;226.17;26;8;1493;0.0879120879;data analytics course ;2024;11;10;4;1;46;1;1266.83;0.0240295749;0;1;0
194;4598;233.86;25;4;1565;0.0206185567;data analitics online ;2024;11;5;4;3;45;0;1331.14;0.0421922575;0;1;0
189;5404;218.41;17;10;1418;0.0529100529;learn data analytics  ;2024;11;24;4;1;48;1;1199.59;0.0349740933;1;0;0
85;4432;214.79;22;7;1262;0.0823529412;data analitics online ;2024;11;23;4;7;47;1;1047.21;0.0191787004;0;1;0
162;4016;224.48;28;10;1060;0.0617283951;data anaytics training;2024;11;19;4;3;47;0;835.52;0.0403386454;1;0;0
136;5379;248.46;28;5;1881;0.0367647059;online data analytic  ;2024;11;27;4;4;48;0;1632.54;0.0252835099;0;0;1
88;5093;222.28;13;9;1185;0.1022727273;online data analytic  ;2024;11;9;4;7;45;1;962.72;0.0172786177;0;0;1
121;5092;219.15;21;6;1864;0.0495867769;analytics for data    ;2024;11;4;4;2;45;0;1644.85;0.0237627651;0;0;1
81;3015;218.69;10;7;1550;0.0864197531;learn data analytics  ;2024;11;27;4;4;48;0;1331.31;0.0268656716;0;0;1
125;3745;206.93;24;3;1619;0.024;data analytics course ;2024;11;8;4;6;45;0;1412.07;0.0333778371;0;1;0
188;5046;202.52;18;10;1625;0.0531914894;online data analytic  ;2024;11;5;4;3;45;0;1422.48;0.0372572335;0;1;0
99;4032;186.45;19;5;1074;0.0505050505;data analytics course ;2024;11;3;4;1;45;1;887.55;0.0245535714;0;0;1
170;3879;245;29;6;1202;0.0352941176;data analytics course ;2024;11;26;4;3;48;0;957.0;0.0438257283;0;1;0
105;4968;188.38;14;5;1135;0.0476190476;learn data analytics  ;2024;11;21;4;5;47;0;946.62;0.0211352657;0;1;0
173;5872;190.3;24;5;1953;0.0289017341;data analitics online ;2024;11;26;4;3;48;0;1762.7;0.0294618529;0;1;0
186;3058;230.71;27;7;1504;0.0376344086;analytics for data    ;2024;11;23;4;7;47;1;1273.29;0.060824068;1;0;0
143;3109;246.92;22;5;1589;0.034965035;learn data analytics  ;2024;11;13;4;4;46;0;1342.08;0.0459954969;0;1;0
124;5415;217.55;20;4;1258;0.0322580645;data analitics online ;2024;11;27;4;4;48;0;1040.45;0.0228993536;0;0;1
154;5633;245.95;29;7;1604;0.0454545455;learn data analytics  ;2024;11;3;4;1;45;1;1358.05;0.0273388958;0;1;0
85;5402;191.95;18;7;1002;0.0823529412;data anaytics training;2024;11;26;4;3;48;0;810.05;0.015734913;0;0;1
167;4059;209.18;17;4;1742;0.0239520958;learn data analytics  ;2024;11;16;4;7;46;1;1532.82;0.0411431387;0;1;0
139;3172;227.83;20;10;1130;0.071942446;analytics for data    ;2024;11;28;4;5;48;0;902.17;0.0438209332;0;1;0
193;5716;224.53;19;9;1167;0.0466321244;online data analytic  ;2024;11;13;4;4;46;0;942.47;0.0337648705;0;0;1
127;4816;245.25;23;3;1985;0.0236220472;learn data analytics  ;2024;11;7;4;5;45;0;1739.75;0.0263704319;0;1;0
80;3742;247.16;20;10;1686;0.125;analytics for data    ;2024;11;8;4;6;45;0;1438.84;0.0213789417;0;1;0
174;4469;215.98;14;8;1619;0.0459770115;online data analytic  ;2024;11;7;4;5;45;0;1403.02;0.0389348848;0;0;1
127;3454;209.19;19;10;1937;0.0787401575;data anaytics training;2024;11;5;4;3;45;0;1727.81;0.0367689635;0;0;1
151;3702;245.02;22;9;1983;0.059602649;learn data analytics  ;2024;11;4;4;2;45;0;1737.98;0.0407887628;0;1;0
113;4258;232.25;16;10;1374;0.0884955752;online data analytic  ;2024;11;24;4;1;48;1;1141.75;0.0265382809;1;0;0
159;4047;205.62;24;3;1177;0.0188679245;analytics for data    ;2024;11;9;4;7;45;1;971.38;0.0392883617;0;1;0
197;3319;215.83;26;10;1342;0.0507614213;analytics for data    ;2024;11;18;4;2;47;0;1126.17;0.0593552275;0;0;1
106;5661;181.96;17;3;1250;0.0283018868;data analitics online ;2024;11;11;4;2;46;0;1068.04;0.018724607;0;0;1
143;4914;222.69;12;7;1280;0.048951049;analytics for data    ;2024;11;12;4;3;46;0;1057.31;0.0291005291;0;0;1
111;5382;219.59;29;5;1464;0.045045045;analytics for data    ;2024;11;25;4;2;48;0;1244.41;0.0206243032;0;0;1
98;5898;186.46;20;6;1504;0.0612244898;data analitics online ;2024;11;9;4;7;45;1;1317.54;0.016615802;1;0;0
98;3967;214.51;12;5;1180;0.0510204082;analytics for data    ;2024;11;8;4;6;45;0;965.49;0.0247038064;0;0;1
109;3089;190;20;7;1779;0.0642201835;data analitics online ;2024;11;1;4;6;44;0;1589.0;0.0352865005;0;1;0
168;3219;193.16;12;7;1395;0.0416666667;online data analytic  ;2024;11;23;4;7;47;1;1201.84;0.0521901212;1;0;0
127;4039;247.92;20;8;1504;0.062992126;learn data analytics  ;2024;11;27;4;4;48;0;1256.08;0.0314434266;1;0;0
136;4051;194.29;25;5;1502;0.0367647059;learn data analytics  ;2024;11;28;4;5;48;0;1307.71;0.0335719575;0;1;0
173;5270;233.33;11;7;1783;0.0404624277;analytics for data    ;2024;11;16;4;7;46;1;1549.67;0.0328273245;0;0;1
184;3239;221.33;25;10;1557;0.0543478261;online data analytic  ;2024;11;4;4;2;45;0;1335.67;0.0568076567;0;0;1
174;4054;201.25;15;7;1514;0.0402298851;learn data analytics  ;2024;11;23;4;7;47;1;1312.75;0.0429205723;1;0;0
196;5448;232.55;30;8;1694;0.0408163265;learn data analytics  ;2024;11;14;4;5;46;0;1461.45;0.0359765051;0;0;1
193;4549;238.8;20;5;1327;0.0259067358;data anaytics training;2024;11;2;4;7;44;1;1088.2;0.042426907;1;0;0
97;3937;197.37;14;10;1160;0.1030927835;learn data analytics  ;2024;11;22;4;6;47;0;962.63;0.0246380493;0;1;0
128;4175;200.11;12;10;1599;0.078125;data analitics online ;2024;11;20;4;4;47;0;1398.89;0.0306586826;0;0;1
143;5780;237.51;24;4;1440;0.027972028;data analitics online ;2024;11;15;4;6;46;0;1202.49;0.0247404844;1;0;0
136;3809;202.28;17;9;1031;0.0661764706;data analytics course ;2024;11;17;4;1;47;1;828.72;0.0357049094;0;0;1
83;3684;203.47;20;6;1805;0.0722891566;data analytics course ;2024;11;17;4;1;47;1;1601.53;0.0225298588;0;1;0
189;3226;236.68;14;6;1364;0.0317460317;analytics for data    ;2024;11;6;4;4;45;0;1127.32;0.0585864848;0;1;0
165;4978;180.25;12;4;1123;0.0242424242;online data analytic  ;2024;11;14;4;5;46;0;942.75;0.0331458417;0;1;0
172;5041;189.31;22;10;1645;0.0581395349;data anaytics training;2024;11;7;4;5;45;0;1455.69;0.0341202142;1;0;0
183;4124;186.66;24;6;1183;0.0327868852;data analytics course ;2024;11;28;4;5;48;0;996.34;0.0443743938;0;1;0
196;3143;238.22;28;7;1234;0.0357142857;data analitics online ;2024;11;8;4;6;45;0;995.78;0.0623608018;1;0;0
98;4505;209.36;27;5;1186;0.0510204082;learn data analytics  ;2024;11;29;4;6;48;0;976.64;0.0217536071;0;1;0
158;3736;226.99;11;8;1606;0.0506329114;data anaytics training;2024;11;29;4;6;48;0;1379.01;0.0422912206;0;1;0
104;5949;216.6;28;4;1102;0.0384615385;analytics for data    ;2024;11;10;4;1;46;1;885.4;0.0174819297;1;0;0
84;4625;226.02;13;5;1969;0.0595238095;online data analytic  ;2024;11;14;4;5;46;0;1742.98;0.0181621622;0;0;1
128;5022;188.96;26;6;1108;0.046875;data anaytics training;2024;11;2;4;7;44;1;919.04;0.0254878534;1;0;0
99;5483;180.04;20;5;1687;0.0505050505;analytics for data    ;2024;11;4;4;2;45;0;1506.96;0.0180558089;0;0;1
107;5491;217.98;17;10;1480;0.0934579439;online data analytic  ;2024;11;11;4;2;46;0;1262.02;0.0194864323;1;0;0
86;4078;208.92;26;3;1698;0.0348837209;data analytics course ;2024;11;6;4;4;45;0;1489.08;0.021088769;1;0;0
136;3052;245.45;24;6;1769;0.0441176471;data analitics online ;2024;11;28;4;5;48;0;1523.55;0.0445609436;0;0;1
88;3708;225.76;10;5;1667;0.0568181818;data anaytics training;2024;11;12;4;3;46;0;1441.24;0.0237324703;0;1;0
141;5314;184.34;29;10;1271;0.0709219858;online data analytic  ;2024;11;19;4;3;47;0;1086.66;0.0265336846;1;0;0
193;3566;212.73;19;7;1311;0.0362694301;data analitics online ;2024;11;4;4;2;45;0;1098.27;0.0541222658;0;0;1
185;4839;193.99;26;6;1492;0.0324324324;data anaytics training;2024;11;4;4;2;45;0;1298.01;0.0382310395;0;0;1
117;5145;244.44;12;8;1504;0.0683760684;data analitics online ;2024;11;10;4;1;46;1;1259.56;0.0227405248;1;0;0
147;4371;243.04;26;9;1776;0.0612244898;online data analytic  ;2024;11;18;4;2;47;0;1532.96;0.0336307481;0;0;1
197;5697;243.72;13;3;1154;0.0152284264;learn data analytics  ;2024;11;6;4;4;45;0;910.28;0.0345796033;1;0;0
81;3096;228.47;22;3;1386;0.037037037;analytics for data    ;2024;11;22;4;6;47;0;1157.53;0.0261627907;0;1;0
198;4163;218.64;11;6;1904;0.0303030303;learn data analytics  ;2024;11;30;4;7;48;1;1685.36;0.0475618544;0;1;0
155;5150;224.6;24;7;1146;0.0451612903;data analytics course ;2024;11;4;4;2;45;0;921.4;0.0300970874;0;1;0
181;3948;223.51;17;4;1075;0.0220994475;analytics for data    ;2024;11;10;4;1;46;1;851.49;0.045845998;1;0;0
108;3126;248.94;12;3;1942;0.0277777778;analytics for data    ;2024;11;16;4;7;46;1;1693.06;0.0345489443;0;1;0
114;5551;195.44;30;5;1255;0.0438596491;analytics for data    ;2024;11;15;4;6;46;0;1059.56;0.0205368402;0;1;0
146;5712;221.73;26;5;1201;0.0342465753;analytics for data    ;2024;11;12;4;3;46;0;979.27;0.0255602241;1;0;0
89;4175;194.22;11;3;1370;0.0337078652;data anaytics training;2024;11;22;4;6;47;0;1175.78;0.0213173653;0;0;1
82;4538;214.29;30;8;1511;0.0975609756;learn data analytics  ;2024;11;17;4;1;47;1;1296.71;0.0180696342;0;0;1
98;5728;230.52;14;10;1322;0.1020408163;data anaytics training;2024;11;7;4;5;45;0;1091.48;0.0171089385;1;0;0
87;3161;244.49;24;8;1161;0.091954023;data analitics online ;2024;11;6;4;4;45;0;916.51;0.0275229358;0;1;0
146;4773;248.27;30;6;1304;0.0410958904;online data analytic  ;2024;11;1;4;6;44;0;1055.73;0.0305887283;0;1;0
143;3385;208.31;25;10;1972;0.0699300699;analytics for data    ;2024;11;16;4;7;46;1;1763.69;0.0422451994;1;0;0
122;5600;223.06;12;3;1061;0.0245901639;learn data analytics  ;2024;11;18;4;2;47;0;837.94;0.0217857143;0;1;0
153;4218;228.36;16;7;1178;0.045751634;data analitics online ;2024;11;3;4;1;45;1;949.64;0.0362731152;1;0;0
108;3358;184.1;28;4;1888;0.037037037;analytics for data    ;2024;11;16;4;7;46;1;1703.9;0.0321620012;0;0;1
147;3021;200.17;20;4;1718;0.0272108844;analytics for data    ;2024;11;18;4;2;47;0;1517.83;0.0486593843;1;0;0
121;4477;224.77;28;10;1604;0.0826446281;data analitics online ;2024;11;17;4;1;47;1;1379.23;0.027027027;0;1;0
112;4073;180.24;30;4;1628;0.0357142857;data anaytics training;2024;11;12;4;3;46;0;1447.76;0.0274981586;0;1;0
127;5172;204.19;10;4;1183;0.031496063;data analitics online ;2024;11;20;4;4;47;0;978.81;0.0245552978;1;0;0
192;5896;201.18;30;9;1589;0.046875;data analytics course ;2024;11;30;4;7;48;1;1387.82;0.0325644505;0;0;1
174;3427;223.77;20;7;1293;0.0402298851;analytics for data    ;2024;11;15;4;6;46;0;1069.23;0.0507732711;0;0;1
166;4176;243.1;16;9;1147;0.0542168675;learn data analytics  ;2024;11;24;4;1;48;1;903.9;0.0397509579;0;0;1
98;5835;232.82;19;6;1989;0.0612244898;data analitics online ;2024;11;2;4;7;44;1;1756.18;0.0167952014;1;0;0
191;5438;244.1;19;5;1203;0.0261780105;learn data analytics  ;2024;11;8;4;6;45;0;958.9;0.0351232071;0;1;0
89;4936;199.91;16;4;1543;0.0449438202;data analytics course ;2024;11;14;4;5;46;0;1343.09;0.0180307942;0;0;1
180;3526;217.98;15;7;1336;0.0388888889;online data analytic  ;2024;11;16;4;7;46;1;1118.02;0.0510493477;1;0;0
91;5509;186.22;29;5;1928;0.0549450549;learn data analytics  ;2024;11;2;4;7;44;1;1741.78;0.0165184244;1;0;0
114;5748;184.76;16;8;1490;0.0701754386;data analitics online ;2024;11;21;4;5;47;0;1305.24;0.0198329854;0;0;1
80;5155;217.3;28;5;1316;0.0625;data analytics course ;2024;11;12;4;3;46;0;1098.7;0.0155189137;0;1;0
127;4537;247.11;17;7;1451;0.0551181102;analytics for data    ;2024;11;18;4;2;47;0;1203.89;0.0279920652;0;1;0
84;5468;227.36;13;4;1228;0.0476190476;data analytics course ;2024;11;26;4;3;48;0;1000.64;0.0153621068;0;1;0
182;4390;239.33;11;7;1799;0.0384615385;data anaytics training;2024;11;27;4;4;48;0;1559.67;0.0414578588;0;1;0
105;5883;180.07;20;4;1586;0.0380952381;data analytics course ;2024;11;5;4;3;45;0;1405.93;0.0178480367;1;0;0
162;3120;245.58;30;6;1952;0.037037037;data anaytics training;2024;11;6;4;4;45;0;1706.42;0.0519230769;1;0;0
118;4377;219.81;21;4;1290;0.0338983051;analytics for data    ;2024;11;14;4;5;46;0;1070.19;0.0269591044;0;0;1
131;5719;183.69;12;7;1555;0.0534351145;data anaytics training;2024;11;23;4;7;47;1;1371.31;0.0229061025;1;0;0
116;4250;186.34;12;3;1043;0.025862069;analytics for data    ;2024;11;30;4;7;48;1;856.66;0.0272941176;0;0;1
80;5648;239.26;10;6;1005;0.075;data analytics course ;2024;11;20;4;4;47;0;765.74;0.0141643059;1;0;0
81;3394;187.24;12;6;1227;0.0740740741;data analytics course ;2024;11;12;4;3;46;0;1039.76;0.0238656453;0;1;0
189;5117;197.9;20;8;1710;0.0423280423;analytics for data    ;2024;11;28;4;5;48;0;1512.1;0.0369357045;1;0;0
128;3861;232.11;30;10;1636;0.078125;data analytics course ;2024;11;18;4;2;47;0;1403.89;0.0331520332;0;1;0
182;3303;238.4;17;4;1695;0.021978022;data analitics online ;2024;11;5;4;3;45;0;1456.6;0.0551014229;0;0;1
124;4192;184.42;12;6;1502;0.0483870968;data analytics course ;2024;11;5;4;3;45;0;1317.58;0.0295801527;0;1;0
137;3720;237.22;24;5;1811;0.0364963504;online data analytic  ;2024;11;10;4;1;46;1;1573.78;0.036827957;1;0;0
106;5789;183.62;19;3;1838;0.0283018868;data analitics online ;2024;11;16;4;7;46;1;1654.38;0.018310589;0;0;1
102;5113;206.65;27;6;1466;0.0588235294;data analytics course ;2024;11;19;4;3;47;0;1259.35;0.0199491492;1;0;0
155;3234;204.47;12;4;1401;0.0258064516;learn data analytics  ;2024;11;16;4;7;46;1;1196.53;0.0479282622;0;0;1
85;3088;234.24;24;4;1210;0.0470588235;analytics for data    ;2024;11;7;4;5;45;0;975.76;0.0275259067;0;1;0
126;5114;233.27;30;5;1197;0.0396825397;data analitics online ;2024;11;15;4;6;46;0;963.73;0.0246382479;0;1;0
96;5070;210.63;27;10;1653;0.1041666667;online data analytic  ;2024;11;18;4;2;47;0;1442.37;0.0189349112;0;1;0
128;4445;200.52;14;4;1861;0.03125;learn data analytics  ;2024;11;5;4;3;45;0;1660.48;0.0287964004;0;1;0
151;3656;199.96;26;7;1566;0.0463576159;online data analytic  ;2024;11;17;4;1;47;1;1366.04;0.0413019694;0;0;1
95;3583;223.37;22;9;1821;0.0947368421;online data analytic  ;2024;11;29;4;6;48;0;1597.63;0.0265140943;0;0;1
193;4790;247.69;23;5;1687;0.0259067358;data analitics online ;2024;11;24;4;1;48;1;1439.31;0.0402922756;1;0;0
90;3235;211.4;29;10;1290;0.1111111111;analytics for data    ;2024;11;19;4;3;47;0;1078.6;0.027820711;0;1;0
175;3832;245.61;27;5;1388;0.0285714286;data analitics online ;2024;11;26;4;3;48;0;1142.39;0.0456680585;0;0;1
153;4261;230.25;27;7;1027;0.045751634;analytics for data    ;2024;11;5;4;3;45;0;796.75;0.0359070641;0;0;1
103;4796;180.64;26;7;1102;0.067961165;data anaytics training;2024;11;3;4;1;45;1;921.36;0.0214762302;1;0;0
102;5229;208.55;30;5;1065;0.0490196078;analytics for data    ;2024;11;15;4;6;46;0;856.45;0.0195065978;1;0;0
199;3754;220.16;26;6;1262;0.0301507538;data analytics course ;2024;11;20;4;4;47;0;1041.84;0.0530101225;0;1;0
96;4851;229.12;27;6;1271;0.0625;data anaytics training;2024;11;3;4;1;45;1;1041.88;0.0197897341;0;1;0
107;4816;243.41;20;5;1502;0.046728972;data analytics course ;2024;11;25;4;2;48;0;1258.59;0.022217608;0;1;0
170;5404;218.24;24;5;1818;0.0294117647;data analitics online ;2024;11;29;4;6;48;0;1599.76;0.0314581791;0;0;1
145;3068;237.7;24;7;1494;0.0482758621;data analytics course ;2024;11;19;4;3;47;0;1256.3;0.04726206;1;0;0
148;5877;213.84;25;8;1371;0.0540540541;learn data analytics  ;2024;11;18;4;2;47;0;1157.16;0.0251829165;0;0;1
141;4188;228.12;16;9;1204;0.0638297872;data analitics online ;2024;11;30;4;7;48;1;975.88;0.0336676218;0;0;1
89;5676;183.58;14;7;1254;0.0786516854;data analitics online ;2024;11;16;4;7;46;1;1070.42;0.0156800564;1;0;0
140;4677;223.74;20;9;1610;0.0642857143;learn data analytics  ;2024;11;4;4;2;45;0;1386.26;0.0299337182;1;0;0
135;3793;190.88;24;9;1507;0.0666666667;data analitics online ;2024;11;19;4;3;47;0;1316.12;0.0355918798;0;0;1
105;3548;216.8;30;7;1663;0.0666666667;learn data analytics  ;2024;11;14;4;5;46;0;1446.2;0.0295941375;0;1;0
119;5944;225.75;24;6;1516;0.0504201681;analytics for data    ;2024;11;13;4;4;46;0;1290.25;0.0200201884;0;1;0
128;4662;187.28;23;9;1710;0.0703125;data anaytics training;2024;11;13;4;4;46;0;1522.72;0.0274560275;0;0;1
120;4453;240.34;23;8;1452;0.0666666667;online data analytic  ;2024;11;26;4;3;48;0;1211.66;0.0269481249;0;1;0
163;5052;234.73;24;6;1848;0.036809816;online data analytic  ;2024;11;17;4;1;47;1;1613.27;0.0322644497;1;0;0
94;4457;246.18;14;6;1492;0.0638297872;data analitics online ;2024;11;15;4;6;46;0;1245.82;0.0210904196;0;1;0
143;5528;185.93;21;5;1719;0.034965035;data anaytics training;2024;11;15;4;6;46;0;1533.07;0.0258683068;1;0;0
146;4474;190.94;18;10;1872;0.0684931507;data analitics online ;2024;11;7;4;5;45;0;1681.06;0.0326329906;0;1;0
193;5129;243.78;13;10;1583;0.0518134715;data analytics course ;2024;11;6;4;4;45;0;1339.22;0.0376291675;0;1;0
96;5210;223.05;10;8;1483;0.0833333333;online data analytic  ;2024;11;29;4;6;48;0;1259.95;0.0184261036;0;1;0
150;3456;242.22;16;7;1215;0.0466666667;data anaytics training;2024;11;2;4;7;44;1;972.78;0.0434027778;0;0;1
130;4109;207.1;19;6;1521;0.0461538462;learn data analytics  ;2024;11;16;4;7;46;1;1313.9;0.0316378681;1;0;0
99;3522;210.01;28;9;1932;0.0909090909;analytics for data    ;2024;11;23;4;7;47;1;1721.99;0.028109029;1;0;0
143;3600;238.14;26;7;1891;0.048951049;analytics for data    ;2024;11;9;4;7;45;1;1652.86;0.0397222222;0;1;0
116;3026;209.03;24;9;1819;0.0775862069;data analitics online ;2024;11;10;4;1;46;1;1609.97;0.0383344349;0;0;1
120;4549;214.76;29;5;1926;0.0416666667;data anaytics training;2024;11;30;4;7;48;1;1711.24;0.026379424;1;0;0
115;4857;195.05;29;9;1644;0.0782608696;data anaytics training;2024;11;17;4;1;47;1;1448.95;0.023677167;0;0;1
175;5915;223.39;23;8;1595;0.0457142857;learn data analytics  ;2024;11;8;4;6;45;0;1371.61;0.0295857988;0;1;0
100;3948;230.56;30;6;1234;0.06;analytics for data    ;2024;11;12;4;3;46;0;1003.44;0.0253292806;0;1;0
114;5446;207.62;11;8;1355;0.0701754386;data analitics online ;2024;11;12;4;3;46;0;1147.38;0.0209327947;1;0;0
109;5388;205.68;22;6;1339;0.0550458716;data anaytics training;2024;11;19;4;3;47;0;1133.32;0.0202301411;0;0;1
154;5138;194.15;17;7;1295;0.0454545455;data analytics course ;2024;11;17;4;1;47;1;1100.85;0.029972752;1;0;0
199;3534;238.67;24;5;1776;0.0251256281;data anaytics training;2024;11;21;4;5;47;0;1537.33;0.0563101302;1;0;0
98;4302;183.4;16;9;1765;0.0918367347;data analytics course ;2024;11;19;4;3;47;0;1581.6;0.0227801023;0;0;1
196;4367;238.44;20;7;1931;0.0357142857;data analitics online ;2024;11;27;4;4;48;0;1692.56;0.0448820701;0;0;1
81;3721;222.89;17;4;1690;0.049382716;data analytics course ;2024;11;15;4;6;46;0;1467.11;0.0217683418;0;0;1
150;4351;203.7;26;8;1765;0.0533333333;data anaytics training;2024;11;18;4;2;47;0;1561.3;0.0344748334;0;0;1
121;3122;237.57;29;6;1796;0.0495867769;learn data analytics  ;2024;11;7;4;5;45;0;1558.43;0.0387572069;1;0;0
124;3924;188.66;24;6;1472;0.0483870968;data anaytics training;2024;11;4;4;2;45;0;1283.34;0.0316004077;0;1;0
108;4126;219.33;22;3;1275;0.0277777778;data analytics course ;2024;11;29;4;6;48;0;1055.67;0.0261754726;1;0;0
192;3499;237.83;20;10;1502;0.0520833333;analytics for data    ;2024;11;12;4;3;46;0;1264.17;0.0548728208;0;1;0
178;3708;192.77;20;10;1292;0.0561797753;data analitics online ;2024;11;16;4;7;46;1;1099.23;0.048004315;0;1;0
191;3302;207.75;18;9;1504;0.0471204188;learn data analytics  ;2024;11;26;4;3;48;0;1296.25;0.0578437311;1;0;0
147;3131;242.53;10;4;1231;0.0272108844;data analytics course ;2024;11;18;4;2;47;0;988.47;0.0469498563;0;0;1
88;5145;242.9;16;10;1963;0.1136363636;analytics for data    ;2024;11;14;4;5;46;0;1720.1;0.0171039845;0;1;0
92;5241;223.48;23;9;1050;0.097826087;data analitics online ;2024;11;18;4;2;47;0;826.52;0.0175539019;0;0;1
148;4149;223.33;30;6;1318;0.0405405405;data analytics course ;2024;11;8;4;6;45;0;1094.67;0.0356712461;0;1;0
127;3791;231.06;11;6;1351;0.0472440945;online data analytic  ;2024;11;3;4;1;45;1;1119.94;0.0335003957;0;0;1
156;4375;249.33;26;6;1663;0.0384615385;data analytics course ;2024;11;15;4;6;46;0;1413.67;0.0356571429;0;1;0
176;3753;201.76;11;4;1070;0.0227272727;data anaytics training;2024;11;7;4;5;45;0;868.24;0.0468958167;1;0;0
145;4275;185.05;25;7;1574;0.0482758621;data anaytics training;2024;11;9;4;7;45;1;1388.95;0.0339181287;0;0;1
136;4332;234.52;19;6;1162;0.0441176471;learn data analytics  ;2024;11;18;4;2;47;0;927.48;0.0313942752;0;0;1
150;4001;219.1;25;6;1365;0.04;online data analytic  ;2024;11;9;4;7;45;1;1145.9;0.0374906273;0;1;0
145;4436;190.63;13;10;1502;0.0689655172;data analytics course ;2024;11;21;4;5;47;0;1311.37;0.0326871055;0;1;0
165;5661;214.29;28;6;1848;0.0363636364;data analitics online ;2024;11;2;4;7;44;1;1633.71;0.0291467939;0;0;1
183;5746;248.15;14;5;1012;0.0273224044;data analytics course ;2024;11;25;4;2;48;0;763.85;0.0318482423;0;1;0
176;3906;214;29;4;1382;0.0227272727;online data analytic  ;2024;11;25;4;2;48;0;1168.0;0.0450588838;0;1;0
164;5127;194.76;20;5;1502;0.0304878049;analytics for data    ;2024;11;12;4;3;46;0;1307.24;0.0319875171;0;1;0
136;4093;230.81;15;6;1713;0.0441176471;data analytics course ;2024;11;2;4;7;44;1;1482.19;0.0332274615;0;0;1
95;4933;220.04;15;3;1366;0.0315789474;data anaytics training;2024;11;4;4;2;45;0;1145.96;0.019258058;1;0;0
83;5180;209.62;30;4;1972;0.0481927711;analytics for data    ;2024;11;13;4;4;46;0;1762.38;0.016023166;0;0;1
91;4988;217.34;10;10;1508;0.1098901099;learn data analytics  ;2024;11;29;4;6;48;0;1290.66;0.0182437851;1;0;0
107;5510;216.1;14;8;1857;0.0747663551;online data analytic  ;2024;11;19;4;3;47;0;1640.9;0.0194192377;1;0;0
83;3187;217.98;25;10;1571;0.1204819277;learn data analytics  ;2024;11;7;4;5;45;0;1353.02;0.0260433009;1;0;0
166;3788;238.56;18;8;1657;0.0481927711;learn data analytics  ;2024;11;6;4;4;45;0;1418.44;0.0438225977;1;0;0
182;4575;233.74;24;10;1844;0.0549450549;learn data analytics  ;2024;11;13;4;4;46;0;1610.26;0.0397814208;1;0;0
188;4382;249.5;12;9;1746;0.0478723404;analytics for data    ;2024;11;13;4;4;46;0;1496.5;0.0429027841;0;0;1
107;4605;230.74;17;7;1590;0.0654205607;online data analytic  ;2024;11;18;4;2;47;0;1359.26;0.0232356135;0;1;0
169;4857;194.79;18;7;1391;0.0414201183;data analitics online ;2024;11;22;4;6;47;0;1196.21;0.034795141;1;0;0
165;3150;190.3;18;3;1129;0.0181818182;data anaytics training;2024;11;18;4;2;47;0;938.7;0.0523809524;0;0;1
137;4630;201.14;10;4;1680;0.0291970803;learn data analytics  ;2024;11;27;4;4;48;0;1478.86;0.0295896328;0;1;0
135;3712;207.14;14;3;1788;0.0222222222;data anaytics training;2024;11;21;4;5;47;0;1580.86;0.0363685345;0;1;0
130;5739;217.98;23;8;1504;0.0615384615;data analitics online ;2024;11;30;4;7;48;1;1286.02;0.02265203;1;0;0
193;4538;230.95;26;8;1055;0.0414507772;data analitics online ;2024;11;11;4;2;46;0;824.05;0.0425297488;0;0;1
122;4556;243.84;26;4;1164;0.0327868852;online data analytic  ;2024;11;24;4;1;48;1;920.16;0.0267778753;1;0;0
167;5824;204.18;20;7;1452;0.0419161677;data analytics course ;2024;11;9;4;7;45;1;1247.82;0.0286744505;1;0;0
145;5765;240.62;18;6;1056;0.0413793103;data anaytics training;2024;11;19;4;3;47;0;815.38;0.025151778;0;0;1
80;5653;228.06;19;8;1795;0.1;analytics for data    ;2024;11;13;4;4;46;0;1566.94;0.0141517778;0;1;0
143;4379;238.75;24;8;1504;0.0559440559;data anaytics training;2024;11;10;4;1;46;1;1265.25;0.0326558575;1;0;0
141;5612;224.45;19;5;1150;0.0354609929;online data analytic  ;2024;11;16;4;7;46;1;925.55;0.0251247327;1;0;0
180;3102;198.37;19;3;1504;0.0166666667;online data analytic  ;2024;11;29;4;6;48;0;1305.63;0.0580270793;1;0;0
196;5812;246.88;22;9;1715;0.0459183673;online data analytic  ;2024;11;14;4;5;46;0;1468.12;0.033723331;1;0;0
168;4904;219;22;5;1541;0.0297619048;online data analytic  ;2024;11;15;4;6;46;0;1322.0;0.0342577488;0;1;0
136;4562;183.58;17;9;1668;0.0661764706;data analytics course ;2024;11;30;4;7;48;1;1484.42;0.0298114862;0;0;1
178;4708;237.77;14;10;1449;0.0561797753;learn data analytics  ;2024;11;21;4;5;47;0;1211.23;0.0378079864;1;0;0
93;3945;189.53;27;3;1560;0.0322580645;learn data analytics  ;2024;11;18;4;2;47;0;1370.47;0.0235741445;0;1;0
138;5863;201.19;30;10;1898;0.0724637681;analytics for data    ;2024;11;18;4;2;47;0;1696.81;0.0235374382;0;0;1
143;4470;214.42;14;8;1353;0.0559440559;data analytics course ;2024;11;22;4;6;47;0;1138.58;0.0319910515;1;0;0
139;5800;214;22;9;1369;0.0647482014;data analytics course ;2024;11;14;4;5;46;0;1155.0;0.0239655172;0;1;0
147;4041;229.19;16;10;1558;0.0680272109;analytics for data    ;2024;11;27;4;4;48;0;1328.81;0.0363771344;0;0;1
101;3449;188.39;16;10;1318;0.099009901;online data analytic  ;2024;11;8;4;6;45;0;1129.61;0.0292838504;0;0;1
195;4195;231.87;13;10;1834;0.0512820513;learn data analytics  ;2024;11;25;4;2;48;0;1602.13;0.0464839094;0;0;1
142;5365;237.95;17;10;1548;0.0704225352;data analitics online ;2024;11;27;4;4;48;0;1310.05;0.0264678472;0;1;0
139;3854;234.73;10;3;1802;0.0215827338;learn data analytics  ;2024;11;18;4;2;47;0;1567.27;0.0360664245;0;1;0
84;5597;244.39;22;10;1685;0.119047619;data anaytics training;2024;11;3;4;1;45;1;1440.61;0.01500804;0;1;0
103;5488;237.06;21;7;1874;0.067961165;analytics for data    ;2024;11;22;4;6;47;0;1636.94;0.0187682216;0;1;0
108;3676;203.45;29;8;1369;0.0740740741;data analitics online ;2024;11;1;4;6;44;0;1165.55;0.0293797606;1;0;0
171;4307;220.89;20;8;1187;0.0467836257;data analitics online ;2024;11;1;4;6;44;0;966.11;0.0397028094;0;1;0
80;4204;226.79;14;3;1434;0.0375;data analytics course ;2024;11;21;4;5;47;0;1207.21;0.0190294957;0;1;0
169;3589;237.83;15;3;1754;0.0177514793;analytics for data    ;2024;11;21;4;5;47;0;1516.17;0.0470883254;1;0;0
143;3048;189.48;22;7;1740;0.048951049;analytics for data    ;2024;11;18;4;2;47;0;1550.52;0.0469160105;1;0;0
92;4631;233.3;19;10;1521;0.1086956522;learn data analytics  ;2024;11;27;4;4;48;0;1287.7;0.0198661196;1;0;0
189;5624;248.03;23;7;1502;0.037037037;analytics for data    ;2024;11;10;4;1;46;1;1253.97;0.0336059744;0;1;0
124;5931;214.41;21;3;1906;0.0241935484;online data analytic  ;2024;11;5;4;3;45;0;1691.59;0.0209070983;0;1;0
138;5891;247.47;14;7;1138;0.0507246377;online data analytic  ;2024;11;14;4;5;46;0;890.53;0.0234255644;0;0;1
186;5774;236.22;15;6;1288;0.0322580645;learn data analytics  ;2024;11;12;4;3;46;0;1051.78;0.0322133703;1;0;0
100;4869;234.37;21;7;1890;0.07;data analitics online ;2024;11;1;4;6;44;0;1655.63;0.0205380982;0;1;0
151;5403;180.74;22;3;1610;0.0198675497;data analitics online ;2024;11;29;4;6;48;0;1429.26;0.0279474366;0;1;0
176;4577;207.98;23;6;1396;0.0340909091;data anaytics training;2024;11;29;4;6;48;0;1188.02;0.0384531352;0;1;0
136;3978;230.19;23;9;1792;0.0661764706;analytics for data    ;2024;11;19;4;3;47;0;1561.81;0.0341880342;0;0;1
141;4483;240.23;25;4;1516;0.0283687943;analytics for data    ;2024;11;14;4;5;46;0;1275.77;0.0314521526;0;1;0
117;5754;228.8;20;3;1504;0.0256410256;data analitics online ;2024;11;14;4;5;46;0;1275.2;0.0203336809;1;0;0
131;5528;182.38;27;6;1168;0.0458015267;analytics for data    ;2024;11;3;4;1;45;1;985.62;0.0236975398;0;0;1
173;3639;225.73;10;4;1804;0.0231213873;data analitics online ;2024;11;27;4;4;48;0;1578.27;0.0475405331;0;1;0
195;4067;220.61;20;8;1767;0.041025641;data analytics course ;2024;11;8;4;6;45;0;1546.39;0.0479468896;0;0;1
126;3931;212.16;20;9;1537;0.0714285714;learn data analytics  ;2024;11;9;4;7;45;1;1324.84;0.0320529127;0;0;1
119;3602;191.83;26;3;1052;0.025210084;analytics for data    ;2024;11;10;4;1;46;1;860.17;0.0330372016;0;1;0
141;5663;237.57;16;3;1269;0.0212765957;data analytics course ;2024;11;18;4;2;47;0;1031.43;0.0248984637;0;1;0
182;4021;214;24;7;1444;0.0384615385;online data analytic  ;2024;11;30;4;7;48;1;1230.0;0.0452623725;0;1;0
192;4551;223.93;22;10;1231;0.0520833333;data anaytics training;2024;11;19;4;3;47;0;1007.07;0.04218853;0;0;1
136;5123;231.93;18;9;1031;0.0661764706;analytics for data    ;2024;11;18;4;2;47;0;799.07;0.0265469451;0;0;1
160;3816;207.93;27;9;1884;0.05625;analytics for data    ;2024;11;3;4;1;45;1;1676.07;0.0419287212;1;0;0
140;3154;212.73;21;4;1024;0.0285714286;learn data analytics  ;2024;11;14;4;5;46;0;811.27;0.0443880786;0;1;0
134;3700;226.57;28;7;1836;0.052238806;data analitics online ;2024;11;4;4;2;45;0;1609.43;0.0362162162;0;1;0
92;3963;219.39;22;10;1834;0.1086956522;online data analytic  ;2024;11;26;4;3;48;0;1614.61;0.0232147363;1;0;0
163;3978;232.7;25;9;1380;0.0552147239;data analitics online ;2024;11;8;4;6;45;0;1147.3;0.0409753645;0;0;1
155;5105;239.11;20;5;1009;0.0322580645;analytics for data    ;2024;11;5;4;3;45;0;769.89;0.0303623898;1;0;0
194;3559;205.78;15;9;1765;0.0463917526;online data analytic  ;2024;11;3;4;1;45;1;1559.22;0.0545096937;0;0;1
165;3005;239.14;23;6;1989;0.0363636364;learn data analytics  ;2024;11;27;4;4;48;0;1749.86;0.0549084859;0;1;0
135;4740;235.55;24;4;1715;0.0296296296;analytics for data    ;2024;11;7;4;5;45;0;1479.45;0.0284810127;0;0;1
87;4379;209.25;29;10;1348;0.1149425287;learn data analytics  ;2024;11;5;4;3;45;0;1138.75;0.0198675497;0;0;1
164;4151;219.97;30;9;1507;0.0548780488;online data analytic  ;2024;11;25;4;2;48;0;1287.03;0.0395085522;0;0;1
143;3185;217.33;21;3;1504;0.020979021;data anaytics training;2024;11;15;4;6;46;0;1286.67;0.0448979592;1;0;0
84;5652;191.93;30;8;1729;0.0952380952;data analitics online ;2024;11;13;4;4;46;0;1537.07;0.0148619958;1;0;0
158;4819;185.34;17;9;1066;0.0569620253;data anaytics training;2024;11;24;4;1;48;1;880.66;0.0327868852;1;0;0
90;4472;237.16;28;10;1629;0.1111111111;learn data analytics  ;2024;11;13;4;4;46;0;1391.84;0.0201252236;1;0;0
197;3186;194.44;19;6;1857;0.0304568528;data analytics course ;2024;11;14;4;5;46;0;1662.56;0.0618330195;0;1;0
133;4241;197.26;25;9;1325;0.0676691729;data anaytics training;2024;11;26;4;3;48;0;1127.74;0.0313605282;0;1;0
149;5035;234.52;28;5;1304;0.033557047;online data analytic  ;2024;11;4;4;2;45;0;1069.48;0.02959285;0;0;1
197;5686;239.76;27;9;1462;0.0456852792;data analitics online ;2024;11;17;4;1;47;1;1222.24;0.0346465002;0;0;1
157;4062;223.72;24;8;1502;0.050955414;data analitics online ;2024;11;25;4;2;48;0;1278.28;0.0386509109;0;1;0
102;3113;202.77;22;7;1997;0.068627451;online data analytic  ;2024;11;6;4;4;45;0;1794.23;0.0327658208;0;0;1
175;3958;193.52;23;8;1064;0.0457142857;data analytics course ;2024;11;4;4;2;45;0;870.48;0.0442142496;1;0;0
101;3317;214.29;23;4;1716;0.0396039604;data analytics course ;2024;11;10;4;1;46;1;1501.71;0.0304492011;0;0;1
127;4226;184.46;10;9;1427;0.0708661417;data analytics course ;2024;11;8;4;6;45;0;1242.54;0.0300520587;0;0;1
148;3469;212.07;14;9;1898;0.0608108108;data analitics online ;2024;11;30;4;7;48;1;1685.93;0.0426635918;0;1;0
181;3859;246.36;22;9;1769;0.0497237569;online data analytic  ;2024;11;1;4;6;44;0;1522.64;0.0469033428;1;0;0
140;3389;183.33;28;6;1385;0.0428571429;online data analytic  ;2024;11;8;4;6;45;0;1201.67;0.041310121;1;0;0
146;5075;214;13;9;1353;0.0616438356;analytics for data    ;2024;11;26;4;3;48;0;1139.0;0.0287684729;0;1;0
148;3269;191.73;18;9;1396;0.0608108108;learn data analytics  ;2024;11;10;4;1;46;1;1204.27;0.045273784;1;0;0
101;4814;191.43;17;7;1112;0.0693069307;learn data analytics  ;2024;11;20;4;4;47;0;920.57;0.0209804736;0;0;1
179;5145;223.04;29;9;1002;0.0502793296;data anaytics training;2024;11;8;4;6;45;0;778.96;0.0347910593;1;0;0
151;4107;183.81;21;10;1872;0.0662251656;data analytics course ;2024;11;11;4;2;46;0;1688.19;0.0367664962;0;0;1
195;3221;185.08;19;10;1905;0.0512820513;data analytics course ;2024;11;26;4;3;48;0;1719.92;0.0605402049;0;1;0
169;4846;230.53;15;8;1103;0.0473372781;data anaytics training;2024;11;4;4;2;45;0;872.47;0.034874123;1;0;0
161;3160;229.71;17;3;1817;0.0186335404;data anaytics training;2024;11;1;4;6;44;0;1587.29;0.0509493671;1;0;0
156;5095;214.32;30;9;1444;0.0576923077;data analitics online ;2024;11;27;4;4;48;0;1229.68;0.0306182532;1;0;0
148;3957;214;20;10;1288;0.0675675676;data analitics online ;2024;11;10;4;1;46;1;1074.0;0.0374020723;0;1;0
126;4920;182.36;27;5;1933;0.0396825397;data analitics online ;2024;11;4;4;2;45;0;1750.64;0.0256097561;0;1;0
189;3588;191.74;22;9;1893;0.0476190476;data analytics course ;2024;11;25;4;2;48;0;1701.26;0.0526755853;0;0;1
119;4927;223.35;16;3;1377;0.025210084;data anaytics training;2024;11;14;4;5;46;0;1153.65;0.0241526284;1;0;0
136;4538;200.54;30;5;1507;0.0367647059;analytics for data    ;2024;11;1;4;6;44;0;1306.46;0.0299691494;0;0;1
127;5742;233.98;13;4;1743;0.031496063;data analytics course ;2024;11;12;4;3;46;0;1509.02;0.022117729;0;1;0
106;4474;181.48;17;10;1189;0.0943396226;analytics for data    ;2024;11;20;4;4;47;0;1007.52;0.0236924452;0;1;0
119;4322;183;24;5;1108;0.0420168067;data analitics online ;2024;11;6;4;4;45;0;925.0;0.0275335493;1;0;0
81;4144;180.01;18;3;1648;0.037037037;data analitics online ;2024;11;20;4;4;47;0;1467.99;0.019546332;1;0;0
152;5007;208.84;19;10;1628;0.0657894737;online data analytic  ;2024;11;24;4;1;48;1;1419.16;0.0303574995;1;0;0
153;5388;219.93;16;4;1602;0.0261437908;data analytics course ;2024;11;11;4;2;46;0;1382.07;0.0283964365;0;1;0
120;4229;244.13;20;9;1380;0.075;data analytics course ;2024;11;12;4;3;46;0;1135.87;0.0283755025;0;0;1
167;5140;228.32;28;9;1056;0.0538922156;data analitics online ;2024;11;8;4;6;45;0;827.68;0.0324902724;1;0;0
116;5001;186.67;17;5;1340;0.0431034483;analytics for data    ;2024;11;7;4;5;45;0;1153.33;0.0231953609;0;0;1
93;3802;215.52;22;7;1513;0.0752688172;online data analytic  ;2024;11;23;4;7;47;1;1297.48;0.0244608101;1;0;0
159;5584;249.46;18;8;1176;0.0503144654;analytics for data    ;2024;11;9;4;7;45;1;926.54;0.028474212;0;0;1
146;5105;224.77;12;7;1440;0.0479452055;analytics for data    ;2024;11;5;4;3;45;0;1215.23;0.0285994123;1;0;0
136;5714;190.3;19;8;1694;0.0588235294;data anaytics training;2024;11;30;4;7;48;1;1503.7;0.0238011901;0;0;1
159;5025;208.68;16;4;1779;0.0251572327;online data analytic  ;2024;11;21;4;5;47;0;1570.32;0.031641791;1;0;0
83;3781;220.82;11;4;1866;0.0481927711;data anaytics training;2024;11;15;4;6;46;0;1645.18;0.0219518646;1;0;0
136;3318;215.86;20;8;1712;0.0588235294;data analitics online ;2024;11;21;4;5;47;0;1496.14;0.0409885473;0;1;0
136;3939;213.66;16;6;1708;0.0441176471;online data analytic  ;2024;11;21;4;5;47;0;1494.34;0.0345265296;0;1;0
166;3546;221.99;10;3;1796;0.0180722892;learn data analytics  ;2024;11;12;4;3;46;0;1574.01;0.0468133108;0;0;1
192;5845;247.56;28;3;1542;0.015625;analytics for data    ;2024;11;19;4;3;47;0;1294.44;0.0328485885;0;0;1
139;3580;223.48;21;6;1555;0.0431654676;data analytics course ;2024;11;27;4;4;48;0;1331.52;0.0388268156;0;1;0
108;4019;199.85;25;8;1657;0.0740740741;learn data analytics  ;2024;11;2;4;7;44;1;1457.15;0.0268723563;0;1;0
175;3345;185.48;23;9;1193;0.0514285714;data analitics online ;2024;11;20;4;4;47;0;1007.52;0.0523168909;0;0;1
80;4413;245.4;10;5;1650;0.0625;data analytics course ;2024;11;3;4;1;45;1;1404.6;0.0181282574;1;0;0
192;4969;234.27;30;5;1627;0.0260416667;data analytics course ;2024;11;17;4;1;47;1;1392.73;0.0386395653;0;1;0
85;5083;181.19;13;3;1048;0.0352941176;data analytics course ;2024;11;11;4;2;46;0;866.81;0.016722408;1;0;0
91;4176;216.63;20;8;1502;0.0879120879;data analytics course ;2024;11;9;4;7;45;1;1285.37;0.0217911877;1;0;0
94;5389;220.53;11;10;1670;0.1063829787;data anaytics training;2024;11;27;4;4;48;0;1449.47;0.0174429393;1;0;0
119;4653;224.68;20;4;1773;0.0336134454;learn data analytics  ;2024;11;14;4;5;46;0;1548.32;0.0255748979;0;1;0
198;3926;195.25;25;7;1060;0.0353535354;data analitics online ;2024;11;12;4;3;46;0;864.75;0.0504330107;0;0;1
87;4154;232.88;13;3;1099;0.0344827586;online data analytic  ;2024;11;10;4;1;46;1;866.12;0.0209436688;0;0;1
101;3286;196.59;12;9;1034;0.0891089109;analytics for data    ;2024;11;2;4;7;44;1;837.41;0.0307364577;0;1;0
142;4593;230.69;20;5;1537;0.0352112676;data analytics course ;2024;11;22;4;6;47;0;1306.31;0.0309166122;1;0;0
111;5689;195.94;12;4;1377;0.036036036;analytics for data    ;2024;11;14;4;5;46;0;1181.06;0.0195113377;0;0;1
152;5040;238.61;30;9;1795;0.0592105263;data analytics course ;2024;11;15;4;6;46;0;1556.39;0.0301587302;0;0;1
89;3623;218.35;22;6;1311;0.0674157303;learn data analytics  ;2024;11;1;4;6;44;0;1092.65;0.0245652774;1;0;0
115;3999;216.67;16;6;1777;0.052173913;data analytics course ;2024;11;5;4;3;45;0;1560.33;0.0287571893;1;0;0
131;4320;223.08;30;7;1504;0.0534351145;analytics for data    ;2024;11;4;4;2;45;0;1280.92;0.0303240741;1;0;0
153;4027;182.11;10;5;1332;0.0326797386;learn data analytics  ;2024;11;28;4;5;48;0;1149.89;0.0379935436;0;1;0
108;4538;208.9;10;7;1313;0.0648148148;learn data analytics  ;2024;11;29;4;6;48;0;1104.1;0.0237990304;0;0;1
172;5712;204.06;28;7;1407;0.0406976744;analytics for data    ;2024;11;21;4;5;47;0;1202.94;0.0301120448;0;1;0
118;5514;237.88;27;9;1401;0.0762711864;analytics for data    ;2024;11;27;4;4;48;0;1163.12;0.0214000725;1;0;0
90;3776;186.92;19;4;1053;0.0444444444;learn data analytics  ;2024;11;15;4;6;46;0;866.08;0.0238347458;0;1;0
97;3370;236.35;20;7;1504;0.0721649485;data analytics course ;2024;11;4;4;2;45;0;1267.65;0.0287833828;1;0;0
149;3814;213.11;13;7;1057;0.0469798658;analytics for data    ;2024;11;6;4;4;45;0;843.89;0.0390665967;1;0;0
137;5434;182.57;10;7;1852;0.0510948905;online data analytic  ;2024;11;29;4;6;48;0;1669.43;0.0252116305;0;0;1
172;4079;183.05;20;8;1988;0.0465116279;data analytics course ;2024;11;28;4;5;48;0;1804.95;0.0421671978;0;0;1
116;4252;180.05;18;8;1568;0.0689655172;online data analytic  ;2024;11;17;4;1;47;1;1387.95;0.0272812794;0;0;1
187;4793;186.41;30;9;1120;0.0481283422;data analytics course ;2024;11;3;4;1;45;1;933.59;0.0390152305;0;0;1
126;4140;193.49;19;6;1340;0.0476190476;data analytics course ;2024;11;19;4;3;47;0;1146.51;0.0304347826;0;1;0
123;5844;201.7;12;6;1636;0.0487804878;data analitics online ;2024;11;10;4;1;46;1;1434.3;0.0210472279;0;0;1
132;5845;249.74;19;7;1067;0.053030303;analytics for data    ;2024;11;3;4;1;45;1;817.26;0.0225834046;1;0;0
118;3371;191.98;10;6;1458;0.0508474576;learn data analytics  ;2024;11;13;4;4;46;0;1266.02;0.0350044497;1;0;0
92;4853;189.19;23;9;1189;0.097826087;online data analytic  ;2024;11;18;4;2;47;0;999.81;0.018957346;0;0;1
100;5781;202.96;30;7;1132;0.07;data anaytics training;2024;11;18;4;2;47;0;929.04;0.0172980453;0;0;1
100;5435;205.99;13;6;1607;0.06;analytics for data    ;2024;11;27;4;4;48;0;1401.01;0.018399264;0;1;0
89;3915;207.63;10;7;1454;0.0786516854;data analytics course ;2024;11;2;4;7;44;1;1246.37;0.0227330779;0;0;1
147;4231;186.73;20;5;1271;0.0340136054;learn data analytics  ;2024;11;15;4;6;46;0;1084.27;0.0347435594;0;0;1
153;3225;240.34;20;8;1313;0.0522875817;data analitics online ;2024;11;28;4;5;48;0;1072.66;0.0474418605;0;1;0
164;3996;202.56;19;10;1880;0.0609756098;data analitics online ;2024;11;29;4;6;48;0;1677.44;0.041041041;0;0;1
124;5949;218.12;11;10;1019;0.0806451613;online data analytic  ;2024;11;6;4;4;45;0;800.88;0.0208438393;1;0;0
189;5740;231.73;28;5;1306;0.0264550265;online data analytic  ;2024;11;3;4;1;45;1;1074.27;0.0329268293;0;1;0
142;5354;247.32;17;4;1828;0.0281690141;online data analytic  ;2024;11;1;4;6;44;0;1580.68;0.0265222264;0;0;1
127;4587;199.63;17;5;1319;0.0393700787;data analytics course ;2024;11;27;4;4;48;0;1119.37;0.0276869414;0;1;0
174;3957;181.56;12;3;1385;0.0172413793;data anaytics training;2024;11;2;4;7;44;1;1203.44;0.0439727066;0;0;1
183;5971;207.43;10;7;1325;0.0382513661;online data analytic  ;2024;11;25;4;2;48;0;1117.57;0.0306481326;0;1;0
190;3455;213.11;18;7;1730;0.0368421053;data anaytics training;2024;11;13;4;4;46;0;1516.89;0.0549927641;0;0;1
116;5748;188.91;11;7;1368;0.0603448276;data analitics online ;2024;11;14;4;5;46;0;1179.09;0.0201809325;0;0;1
199;4387;206.92;20;9;1054;0.0452261307;data anaytics training;2024;11;24;4;1;48;1;847.08;0.0453612947;1;0;0
181;4103;217.98;24;8;1103;0.044198895;data analitics online ;2024;11;25;4;2;48;0;885.02;0.0441140629;1;0;0
197;3253;243.38;17;3;1606;0.0152284264;data analytics course ;2024;11;22;4;6;47;0;1362.62;0.0605594836;0;1;0
136;4492;205;10;4;1319;0.0294117647;online data analytic  ;2024;11;22;4;6;47;0;1114.0;0.0302760463;0;1;0
128;3153;236.34;16;6;1050;0.046875;online data analytic  ;2024;11;9;4;7;45;1;813.66;0.0405962575;0;0;1
163;4794;204.35;26;3;1978;0.018404908;data analitics online ;2024;11;16;4;7;46;1;1773.65;0.0340008344;0;1;0
199;5210;212.53;30;10;1749;0.0502512563;analytics for data    ;2024;11;26;4;3;48;0;1536.47;0.0381957774;1;0;0
169;5326;214.29;30;5;1030;0.0295857988;data analitics online ;2024;11;25;4;2;48;0;815.71;0.0317311303;0;0;1
138;3961;247.45;13;3;1601;0.0217391304;data analytics course ;2024;11;18;4;2;47;0;1353.55;0.0348396869;1;0;0
139;5937;231.01;25;4;1448;0.0287769784;online data analytic  ;2024;11;20;4;4;47;0;1216.99;0.0234124979;0;1;0
154;4904;247.11;11;8;1502;0.0519480519;learn data analytics  ;2024;11;22;4;6;47;0;1254.89;0.0314029364;0;1;0
105;3149;233.19;13;10;1135;0.0952380952;learn data analytics  ;2024;11;9;4;7;45;1;901.81;0.0333439187;0;1;0
89;5963;209.41;29;9;1066;0.1011235955;online data analytic  ;2024;11;18;4;2;47;0;856.59;0.0149253731;0;0;1
125;3808;191.42;29;7;1783;0.056;data analytics course ;2024;11;10;4;1;46;1;1591.58;0.0328256303;0;1;0
175;3938;186.09;22;9;1218;0.0514285714;analytics for data    ;2024;11;5;4;3;45;0;1031.91;0.0444388014;1;0;0
175;5521;207.4;25;3;1616;0.0171428571;online data analytic  ;2024;11;4;4;2;45;0;1408.6;0.0316971563;1;0;0
183;4549;198.12;27;10;1504;0.0546448087;data analytics course ;2024;11;22;4;6;47;0;1305.88;0.0402286217;1;0;0
182;5466;206.3;26;4;1816;0.021978022;data analytics course ;2024;11;18;4;2;47;0;1609.7;0.0332967435;0;1;0
143;4528;235.96;30;4;1926;0.027972028;data anaytics training;2024;11;28;4;5;48;0;1690.04;0.0315812721;1;0;0
168;4904;220.19;23;6;1870;0.0357142857;learn data analytics  ;2024;11;11;4;2;46;0;1649.81;0.0342577488;0;0;1
150;5057;220.26;24;5;1507;0.0333333333;data anaytics training;2024;11;1;4;6;44;0;1286.74;0.0296618549;0;0;1
152;3390;209.39;18;6;1620;0.0394736842;online data analytic  ;2024;11;4;4;2;45;0;1410.61;0.0448377581;0;0;1
113;3532;247.57;29;6;1273;0.0530973451;learn data analytics  ;2024;11;20;4;4;47;0;1025.43;0.031993205;1;0;0
93;3683;201.45;11;10;1331;0.1075268817;learn data analytics  ;2024;11;14;4;5;46;0;1129.55;0.025251154;1;0;0
141;5031;189.92;23;5;1093;0.0354609929;data analitics online ;2024;11;1;4;6;44;0;903.08;0.0280262373;0;0;1
191;5660;192.49;21;5;1023;0.0261780105;data analytics course ;2024;11;3;4;1;45;1;830.51;0.033745583;1;0;0
187;3450;234.31;18;9;1609;0.0481283422;online data analytic  ;2024;11;18;4;2;47;0;1374.69;0.0542028986;0;1;0
118;4804;227.98;28;9;1064;0.0762711864;learn data analytics  ;2024;11;28;4;5;48;0;836.02;0.0245628643;1;0;0
184;5983;242.62;25;6;1538;0.0326086957;data analytics course ;2024;11;3;4;1;45;1;1295.38;0.0307538024;0;0;1
167;5051;202.95;21;10;1812;0.0598802395;learn data analytics  ;2024;11;10;4;1;46;1;1609.05;0.0330627598;1;0;0
162;3815;221.44;13;7;1728;0.0432098765;data analytics course ;2024;11;21;4;5;47;0;1506.56;0.0424639581;0;0;1
125;5370;183.67;18;10;1815;0.08;data analytics course ;2024;11;14;4;5;46;0;1631.33;0.0232774674;0;1;0
102;4451;219.15;29;7;1491;0.068627451;data analitics online ;2024;11;29;4;6;48;0;1271.85;0.0229161986;1;0;0
141;4243;190.94;24;6;1507;0.0425531915;data anaytics training;2024;11;22;4;6;47;0;1316.06;0.0332312043;0;0;1
121;3844;242.19;29;3;1897;0.0247933884;learn data analytics  ;2024;11;10;4;1;46;1;1654.81;0.0314776275;1;0;0
142;4023;186.79;17;3;1172;0.0211267606;data anaytics training;2024;11;23;4;7;47;1;985.21;0.035297042;0;1;0
150;4409;223.45;23;7;1578;0.0466666667;learn data analytics  ;2024;11;13;4;4;46;0;1354.55;0.03402132;0;0;1
117;3109;239.1;21;3;1502;0.0256410256;data analytics course ;2024;11;27;4;4;48;0;1262.9;0.0376326793;0;1;0
142;5613;180.45;11;9;1978;0.0633802817;data anaytics training;2024;11;28;4;5;48;0;1797.55;0.0252984144;1;0;0
103;4821;214.54;30;6;1408;0.0582524272;data analitics online ;2024;11;13;4;4;46;0;1193.46;0.0213648621;0;1;0
187;3289;186.04;23;5;1645;0.0267379679;data analytics course ;2024;11;6;4;4;45;0;1458.96;0.0568561873;0;0;1
172;4441;209.18;17;10;1507;0.0581395349;data analitics online ;2024;11;29;4;6;48;0;1297.82;0.0387300158;0;0;1
105;3000;185.97;17;6;1993;0.0571428571;data analitics online ;2024;11;29;4;6;48;0;1807.03;0.035;1;0;0
181;4156;245.68;22;10;1336;0.0552486188;learn data analytics  ;2024;11;14;4;5;46;0;1090.32;0.0435514918;1;0;0
172;5314;240.69;14;9;1998;0.0523255814;learn data analytics  ;2024;11;23;4;7;47;1;1757.31;0.0323673316;0;1;0
98;4655;182.99;21;10;1918;0.1020408163;data analytics course ;2024;11;25;4;2;48;0;1735.01;0.0210526316;0;0;1
92;3226;236.27;17;6;1473;0.0652173913;data anaytics training;2024;11;10;4;1;46;1;1236.73;0.0285182889;0;1;0
102;5246;234.71;20;4;1903;0.0392156863;data anaytics training;2024;11;25;4;2;48;0;1668.29;0.0194433854;0;1;0
143;5545;246.64;26;9;1105;0.0629370629;learn data analytics  ;2024;11;8;4;6;45;0;858.36;0.0257889991;1;0;0
111;4069;203.57;25;4;1724;0.036036036;data anaytics training;2024;11;7;4;5;45;0;1520.43;0.0272794298;1;0;0
116;4689;198.9;27;3;1553;0.025862069;data anaytics training;2024;11;24;4;1;48;1;1354.1;0.0247387503;1;0;0
148;3907;199.43;11;7;1253;0.0472972973;data analitics online ;2024;11;20;4;4;47;0;1053.57;0.0378807269;0;0;1
90;5137;219.64;21;7;1958;0.0777777778;online data analytic  ;2024;11;30;4;7;48;1;1738.36;0.0175199533;1;0;0
80;3836;209.37;20;7;1937;0.0875;online data analytic  ;2024;11;28;4;5;48;0;1727.63;0.0208550574;0;1;0
188;4727;245.59;12;6;1321;0.0319148936;learn data analytics  ;2024;11;24;4;1;48;1;1075.41;0.0397715253;1;0;0
114;3880;217.98;18;3;1217;0.0263157895;data analitics online ;2024;11;18;4;2;47;0;999.02;0.0293814433;1;0;0
112;3639;185.6;27;7;1517;0.0625;analytics for data    ;2024;11;17;4;1;47;1;1331.4;0.0307776862;0;1;0
96;3858;199.81;15;7;1672;0.0729166667;data analitics online ;2024;11;15;4;6;46;0;1472.19;0.0248833593;1;0;0
139;3699;186.22;23;6;1218;0.0431654676;analytics for data    ;2024;11;23;4;7;47;1;1031.78;0.0375777237;0;1;0
172;5955;216.07;15;7;1323;0.0406976744;learn data analytics  ;2024;11;2;4;7;44;1;1106.93;0.0288832914;1;0;0
134;5520;189.43;22;10;1319;0.0746268657;data analitics online ;2024;11;30;4;7;48;1;1129.57;0.0242753623;0;0;1
148;3884;233.46;14;5;1138;0.0337837838;data analitics online ;2024;11;11;4;2;46;0;904.54;0.0381050463;1;0;0
191;5361;220.04;17;10;1034;0.0523560209;analytics for data    ;2024;11;9;4;7;45;1;813.96;0.0356276814;1;0;0
168;5384;235.64;28;3;1504;0.0178571429;data analytics course ;2024;11;16;4;7;46;1;1268.36;0.0312035661;1;0;0
84;4388;238.98;29;4;1271;0.0476190476;analytics for data    ;2024;11;14;4;5;46;0;1032.02;0.0191431176;1;0;0
80;5699;213.94;17;6;1511;0.075;learn data analytics  ;2024;11;25;4;2;48;0;1297.06;0.0140375504;1;0;0
136;3705;212.05;16;9;1471;0.0661764706;analytics for data    ;2024;11;14;4;5;46;0;1258.95;0.0367071525;0;0;1
139;3256;233.35;15;7;1106;0.0503597122;analytics for data    ;2024;11;10;4;1;46;1;872.65;0.0426904177;0;1;0
157;4026;192.69;19;3;1028;0.0191082803;analytics for data    ;2024;11;9;4;7;45;1;835.31;0.0389965226;0;1;0
139;3148;182.49;21;3;1493;0.0215827338;data analytics course ;2024;11;22;4;6;47;0;1310.51;0.0441550191;0;1;0
137;5244;187.79;20;6;1915;0.0437956204;online data analytic  ;2024;11;11;4;2;46;0;1727.21;0.0261250953;0;1;0
121;5220;200.98;21;5;1773;0.041322314;data analitics online ;2024;11;13;4;4;46;0;1572.02;0.0231800766;0;0;1
169;5430;233.01;27;7;2000;0.0414201183;learn data analytics  ;2024;11;10;4;1;46;1;1766.99;0.0311233886;1;0;0
83;4693;188.45;24;6;1539;0.0722891566;analytics for data    ;2024;11;16;4;7;46;1;1350.55;0.0176859152;1;0;0
175;4723;237.92;19;7;1906;0.04;online data analytic  ;2024;11;12;4;3;46;0;1668.08;0.0370527207;1;0;0
123;5812;180.11;25;4;1293;0.0325203252;data analitics online ;2024;11;21;4;5;47;0;1112.89;0.0211631108;0;1;0
135;4611;214.29;17;7;1697;0.0518518519;online data analytic  ;2024;11;14;4;5;46;0;1482.71;0.0292778139;0;0;1
126;4960;228.68;30;3;1114;0.0238095238;online data analytic  ;2024;11;26;4;3;48;0;885.32;0.0254032258;1;0;0
171;4549;181.87;18;3;1965;0.0175438596;analytics for data    ;2024;11;9;4;7;45;1;1783.13;0.0375906793;1;0;0
185;4803;248.77;30;5;1806;0.027027027;learn data analytics  ;2024;11;5;4;3;45;0;1557.23;0.0385175932;1;0;0
157;3164;227.73;20;3;1504;0.0191082803;data anaytics training;2024;11;20;4;4;47;0;1276.27;0.0496207332;1;0;0
123;3343;190.66;14;5;1562;0.0406504065;data analytics course ;2024;11;17;4;1;47;1;1371.34;0.0367932994;1;0;0
122;5718;211.65;14;4;1857;0.0327868852;data analitics online ;2024;11;19;4;3;47;0;1645.35;0.0213361315;0;1;0
97;3754;180.42;24;10;1011;0.1030927835;analytics for data    ;2024;11;16;4;7;46;1;830.58;0.025839105;0;1;0
88;3684;198.73;30;4;1195;0.0454545455;online data analytic  ;2024;11;2;4;7;44;1;996.27;0.0238870793;1;0;0
81;5068;204.53;20;9;1773;0.1111111111;data analitics online ;2024;11;3;4;1;45;1;1568.47;0.0159826361;0;1;0
96;5538;188.79;28;6;1181;0.0625;online data analytic  ;2024;11;18;4;2;47;0;992.21;0.0173347779;1;0;0
163;4813;190.77;22;8;1507;0.0490797546;online data analytic  ;2024;11;25;4;2;48;0;1316.23;0.0338666113;0;0;1
139;3003;210.63;16;10;1756;0.071942446;data anaytics training;2024;11;16;4;7;46;1;1545.37;0.0462870463;0;1;0
142;3348;242.31;12;8;1220;0.0563380282;online data analytic  ;2024;11;21;4;5;47;0;977.69;0.0424133811;0;1;0
83;3926;186.63;21;5;1407;0.0602409639;data analitics online ;2024;11;6;4;4;45;0;1220.37;0.0211411105;0;1;0
188;3069;214.16;26;4;1563;0.0212765957;learn data analytics  ;2024;11;14;4;5;46;0;1348.84;0.0612577387;0;0;1
193;3978;231.8;20;3;1126;0.0155440415;online data analytic  ;2024;11;16;4;7;46;1;894.2;0.0485168426;1;0;0
181;3652;206.2;27;7;1690;0.0386740331;analytics for data    ;2024;11;3;4;1;45;1;1483.8;0.0495618839;0;1;0
199;4400;228.05;26;8;1025;0.040201005;learn data analytics  ;2024;11;9;4;7;45;1;796.95;0.0452272727;0;1;0
167;5503;232.28;19;9;1644;0.0538922156;data anaytics training;2024;11;5;4;3;45;0;1411.72;0.0303470834;1;0;0
189;4955;215.87;21;3;1238;0.0158730159;data analitics online ;2024;11;17;4;1;47;1;1022.13;0.0381432896;1;0;0
125;3469;192.84;16;8;1259;0.064;data analytics course ;2024;11;17;4;1;47;1;1066.16;0.036033439;0;0;1
166;4096;204.43;28;5;1579;0.0301204819;learn data analytics  ;2024;11;6;4;4;45;0;1374.57;0.0405273438;0;0;1
181;5171;208.69;14;4;1628;0.0220994475;data analytics course ;2024;11;23;4;7;47;1;1419.31;0.0350029008;1;0;0
136;4878;183.26;25;3;1986;0.0220588235;learn data analytics  ;2024;11;23;4;7;47;1;1802.74;0.0278802788;0;0;1
127;3682;214;21;9;1384;0.0708661417;data anaytics training;2024;11;22;4;6;47;0;1170.0;0.0344921238;0;1;0
83;3933;214.61;29;6;1427;0.0722891566;data anaytics training;2024;11;20;4;4;47;0;1212.39;0.0211034833;0;1;0
80;3240;221.11;29;7;1263;0.0875;learn data analytics  ;2024;11;14;4;5;46;0;1041.89;0.024691358;0;0;1
105;3030;185.91;24;5;1263;0.0476190476;data analytics course ;2024;11;2;4;7;44;1;1077.09;0.0346534653;0;0;1
155;4676;219.3;26;6;1787;0.0387096774;learn data analytics  ;2024;11;2;4;7;44;1;1567.7;0.0331479897;0;1;0
185;4549;208.41;25;3;1006;0.0162162162;data anaytics training;2024;11;13;4;4;46;0;797.59;0.0406682787;1;0;0
132;5616;214.29;28;7;1491;0.053030303;data analitics online ;2024;11;26;4;3;48;0;1276.71;0.0235042735;0;0;1
198;5736;227.53;14;9;1607;0.0454545455;learn data analytics  ;2024;11;18;4;2;47;0;1379.47;0.0345188285;1;0;0
184;3641;189;22;7;1905;0.0380434783;data anaytics training;2024;11;15;4;6;46;0;1716.0;0.0505355672;0;1;0
190;5429;243.6;23;8;1502;0.0421052632;data analytics course ;2024;11;23;4;7;47;1;1258.4;0.0349972371;0;1;0
127;4327;220.57;24;5;1017;0.0393700787;data analytics course ;2024;11;21;4;5;47;0;796.43;0.0293505893;1;0;0
130;5340;221.95;27;6;1488;0.0461538462;data analitics online ;2024;11;2;4;7;44;1;1266.05;0.0243445693;0;1;0
172;3612;191.27;25;10;1243;0.0581395349;analytics for data    ;2024;11;18;4;2;47;0;1051.73;0.0476190476;1;0;0
136;4195;226.79;27;3;1117;0.0220588235;data analytics course ;2024;11;13;4;4;46;0;890.21;0.0324195471;0;0;1
144;5968;224.21;21;6;1993;0.0416666667;online data analytic  ;2024;11;10;4;1;46;1;1768.79;0.0241286863;0;0;1
148;5431;216.71;20;6;1200;0.0405405405;online data analytic  ;2024;11;20;4;4;47;0;983.29;0.0272509667;1;0;0
189;3420;181.35;26;6;1692;0.0317460317;data anaytics training;2024;11;18;4;2;47;0;1510.65;0.0552631579;0;0;1
143;4701;222.43;29;4;1953;0.027972028;data analitics online ;2024;11;7;4;5;45;0;1730.57;0.0304190598;0;1;0
185;4958;201.3;21;5;1965;0.027027027;analytics for data    ;2024;11;6;4;4;45;0;1763.7;0.0373134328;0;0;1
172;5295;204.31;26;8;1218;0.0465116279;data analytics course ;2024;11;29;4;6;48;0;1013.69;0.032483475;0;1;0
121;3577;239.27;29;3;1735;0.0247933884;data analitics online ;2024;11;26;4;3;48;0;1495.73;0.0338272295;0;0;1
158;3766;222.89;27;7;1673;0.0443037975;learn data analytics  ;2024;11;22;4;6;47;0;1450.11;0.0419543282;1;0;0
137;4287;231.9;14;7;1829;0.0510948905;analytics for data    ;2024;11;29;4;6;48;0;1597.1;0.0319570795;0;0;1
150;5630;239.21;26;4;1302;0.0266666667;analytics for data    ;2024;11;30;4;7;48;1;1062.79;0.026642984;0;1;0
93;4157;206.1;30;8;1129;0.0860215054;learn data analytics  ;2024;11;8;4;6;45;0;922.9;0.0223719028;1;0;0
101;5983;185.86;10;5;1019;0.0495049505;online data analytic  ;2024;11;6;4;4;45;0;833.14;0.0168811633;0;1;0
178;3109;180.7;25;10;1709;0.0561797753;data analytics course ;2024;11;12;4;3;46;0;1528.3;0.0572531361;0;0;1
96;3365;225.77;27;8;1884;0.0833333333;data analytics course ;2024;11;30;4;7;48;1;1658.23;0.0285289747;0;1;0
170;5380;204.62;20;4;1473;0.0235294118;data analytics course ;2024;11;15;4;6;46;0;1268.38;0.031598513;0;0;1
176;5036;221.48;13;3;1072;0.0170454545;data anaytics training;2024;11;22;4;6;47;0;850.52;0.0349483717;1;0;0
178;4176;198.49;30;4;1717;0.0224719101;learn data analytics  ;2024;11;12;4;3;46;0;1518.51;0.0426245211;0;0;1
99;5663;187.48;22;5;1394;0.0505050505;online data analytic  ;2024;11;29;4;6;48;0;1206.52;0.0174819001;0;0;1
139;5852;181.96;19;4;1816;0.0287769784;data analitics online ;2024;11;22;4;6;47;0;1634.04;0.0237525632;0;1;0
164;4725;224.43;18;10;1140;0.0609756098;data anaytics training;2024;11;30;4;7;48;1;915.57;0.0347089947;1;0;0
94;5762;202.12;23;5;1694;0.0531914894;online data analytic  ;2024;11;23;4;7;47;1;1491.88;0.0163137799;0;1;0
82;4773;226.66;10;6;1189;0.0731707317;data anaytics training;2024;11;20;4;4;47;0;962.34;0.0171799707;0;0;1
194;4198;217.66;16;10;1619;0.0515463918;online data analytic  ;2024;11;29;4;6;48;0;1401.34;0.0462124821;0;1;0
176;5314;188.23;17;8;1725;0.0454545455;analytics for data    ;2024;11;4;4;2;45;0;1536.77;0.0331200602;1;0;0
170;3401;235.7;10;7;1047;0.0411764706;online data analytic  ;2024;11;15;4;6;46;0;811.3;0.0499852984;1;0;0
144;3509;193.65;28;3;1361;0.0208333333;analytics for data    ;2024;11;16;4;7;46;1;1167.35;0.0410373326;0;1;0
127;4850;235.92;25;10;1057;0.0787401575;data analytics course ;2024;11;12;4;3;46;0;821.08;0.026185567;0;0;1
108;5245;227.35;12;5;1384;0.0462962963;data anaytics training;2024;11;27;4;4;48;0;1156.65;0.0205910391;0;1;0
96;5474;201.65;16;8;1376;0.0833333333;learn data analytics  ;2024;11;29;4;6;48;0;1174.35;0.0175374498;1;0;0
103;4913;180.45;12;3;1178;0.0291262136;learn data analytics  ;2024;11;28;4;5;48;0;997.55;0.0209647873;1;0;0
160;5975;212.18;14;6;1507;0.0375;data analytics course ;2024;11;4;4;2;45;0;1294.82;0.0267782427;0;1;0
141;5451;246.96;13;4;1725;0.0283687943;learn data analytics  ;2024;11;12;4;3;46;0;1478.04;0.0258668134;0;1;0
121;4538;216.98;27;4;1874;0.0330578512;data analytics course ;2024;11;19;4;3;47;0;1657.02;0.0266637285;0;0;1
176;4285;245.13;28;9;1321;0.0511363636;learn data analytics  ;2024;11;8;4;6;45;0;1075.87;0.0410735123;1;0;0
125;5041;228.64;21;6;1403;0.048;online data analytic  ;2024;11;29;4;6;48;0;1174.36;0.0247966673;0;0;1
136;5386;220.23;23;5;1462;0.0367647059;data analitics online ;2024;11;8;4;6;45;0;1241.77;0.0252506498;0;0;1
137;5168;230.04;20;7;1377;0.0510948905;data analytics course ;2024;11;13;4;4;46;0;1146.96;0.0265092879;0;0;1
174;4308;190.54;24;10;1948;0.0574712644;data analitics online ;2024;11;21;4;5;47;0;1757.46;0.0403899721;0;1;0
177;3884;219.75;29;5;1626;0.0282485876;analytics for data    ;2024;11;5;4;3;45;0;1406.25;0.0455715757;0;0;1
155;4312;231.52;30;3;1003;0.0193548387;data analytics course ;2024;11;6;4;4;45;0;771.48;0.0359461967;1;0;0
129;3482;184.89;23;9;1667;0.0697674419;online data analytic  ;2024;11;29;4;6;48;0;1482.11;0.0370476738;1;0;0
91;4893;222.3;29;10;1430;0.1098901099;learn data analytics  ;2024;11;21;4;5;47;0;1207.7;0.0185979971;1;0;0
143;3075;239.32;12;10;1966;0.0699300699;data analytics course ;2024;11;22;4;6;47;0;1726.68;0.046504065;1;0;0
126;4558;195.36;23;3;1020;0.0238095238;online data analytic  ;2024;11;26;4;3;48;0;824.64;0.0276437034;0;0;1
87;3248;220.5;13;6;1871;0.0689655172;data analitics online ;2024;11;28;4;5;48;0;1650.5;0.0267857143;1;0;0
136;5297;214.29;27;9;1268;0.0661764706;data analytics course ;2024;11;23;4;7;47;1;1053.71;0.0256749103;0;0;1
107;3589;183.25;19;7;1571;0.0654205607;data analytics course ;2024;11;29;4;6;48;0;1387.75;0.0298133185;0;0;1
124;3383;224.63;21;7;1263;0.0564516129;data analitics online ;2024;11;10;4;1;46;1;1038.37;0.0366538575;0;0;1
124;5629;189.62;14;9;1626;0.0725806452;data anaytics training;2024;11;27;4;4;48;0;1436.38;0.0220287795;0;0;1
97;5914;226.47;15;7;1889;0.0721649485;online data analytic  ;2024;11;8;4;6;45;0;1662.53;0.0164017585;0;1;0
186;3314;237.84;11;5;1864;0.0268817204;data analitics online ;2024;11;5;4;3;45;0;1626.16;0.0561255281;0;1;0
165;5262;211.33;24;3;1075;0.0181818182;data analitics online ;2024;11;20;4;4;47;0;863.67;0.0313568985;0;0;1
110;3088;205.09;13;7;1061;0.0636363636;data analytics course ;2024;11;5;4;3;45;0;855.91;0.0356217617;0;1;0
191;4753;200.39;24;9;1702;0.0471204188;analytics for data    ;2024;11;5;4;3;45;0;1501.61;0.0401851462;1;0;0
136;3036;201.48;20;7;1811;0.0514705882;data anaytics training;2024;11;13;4;4;46;0;1609.52;0.0447957839;0;1;0
146;5743;190.39;18;3;1108;0.0205479452;data anaytics training;2024;11;13;4;4;46;0;917.61;0.0254222532;1;0;0
152;5061;234.42;12;5;1566;0.0328947368;online data analytic  ;2024;11;10;4;1;46;1;1331.58;0.0300335902;0;1;0
189;5944;202.89;28;5;1360;0.0264550265;data analytics course ;2024;11;8;4;6;45;0;1157.11;0.0317967699;1;0;0
99;4446;233.53;11;6;1189;0.0606060606;data anaytics training;2024;11;5;4;3;45;0;955.47;0.0222672065;0;1;0
88;5344;242.07;17;9;1418;0.1022727273;online data analytic  ;2024;11;29;4;6;48;0;1175.93;0.0164670659;1;0;0
154;3211;248.28;14;6;1950;0.038961039;data analitics online ;2024;11;28;4;5;48;0;1701.72;0.047960137;0;1;0
113;3808;233.25;18;4;1085;0.0353982301;data anaytics training;2024;11;2;4;7;44;1;851.75;0.0296743697;0;0;1
196;5853;220.13;16;7;1558;0.0357142857;data anaytics training;2024;11;8;4;6;45;0;1337.87;0.0334871006;0;1;0
136;5453;214.29;12;5;1174;0.0367647059;analytics for data    ;2024;11;22;4;6;47;0;959.71;0.0249403998;0;0;1
